time,cpu,memory,incident
57:19.0,0.0,67.3,HEALTHY
08:38.4,0.0,75.9,WARNING
20:38.2,0.0,82.4,WARNING
22:15.1,0.0,81.2,WARNING
58:13.6,0.0,74.3,WARNING
58:18.6,0.0,74.8,WARNING
58:23.6,0.0,75.3,WARNING
58:28.6,0.0,75.3,WARNING
58:33.6,0.0,75.7,WARNING
58:38.6,0.0,75.5,WARNING
58:43.6,0.0,75.4,WARNING
58:48.6,0.0,75.1,WARNING
58:53.6,0.0,74.6,WARNING
58:58.6,0.0,74.4,WARNING
59:03.6,0.0,73.9,WARNING
59:08.6,0.0,73.9,WARNING
59:13.6,0.0,74.8,WARNING
59:18.6,0.0,74.6,WARNING
59:23.6,0.0,74.7,WARNING
59:28.6,0.0,74.1,WARNING
59:33.6,0.0,74.7,WARNING
59:38.6,0.0,71.0,WARNING
59:43.6,0.0,71.0,WARNING
59:48.6,0.0,71.1,WARNING
59:53.6,0.0,71.4,WARNING
59:58.6,0.0,71.4,WARNING
00:03.6,100.0,71.7,CRITICAL
00:08.6,16.7,71.5,WARNING
00:13.6,0.0,71.6,WARNING
00:18.6,0.0,71.5,WARNING
00:23.6,0.0,71.7,WARNING
00:28.6,0.0,71.7,WARNING
00:33.6,0.0,71.5,WARNING
00:38.6,0.0,71.5,WARNING
00:43.6,0.0,72.3,WARNING
00:48.6,0.0,73.3,WARNING
00:53.6,0.0,72.8,WARNING
00:58.5,0.0,72.7,WARNING
01:03.5,0.0,72.8,WARNING
01:08.5,0.0,72.5,WARNING
01:13.5,71.4,72.1,WARNING
01:18.5,0.0,72.1,WARNING
01:23.5,0.0,72.2,WARNING
01:28.5,0.0,72.2,WARNING
01:33.5,0.0,72.1,WARNING
01:38.5,0.0,72.1,WARNING
01:43.5,0.0,71.0,WARNING
01:48.5,0.0,70.9,WARNING
01:53.5,0.0,70.9,WARNING
01:58.5,0.0,70.9,WARNING
02:03.5,0.0,70.9,WARNING
02:08.5,0.0,70.9,WARNING
02:13.5,0.0,70.9,WARNING
02:18.5,0.0,70.7,WARNING
02:23.5,0.0,70.6,WARNING
02:28.5,0.0,70.1,WARNING
02:33.5,0.0,70.2,WARNING
02:38.5,0.0,70.6,WARNING
02:43.5,0.0,70.8,WARNING
02:48.5,0.0,70.8,WARNING
02:53.5,0.0,70.9,WARNING
02:58.5,44.4,70.8,WARNING
03:03.5,0.0,71.0,WARNING
03:08.5,18.9,70.8,WARNING
03:13.5,0.0,71.0,WARNING
03:18.5,0.0,71.3,WARNING
03:23.5,16.7,71.1,WARNING
03:26.7,0.0,71.5,WARNING
03:28.5,0.0,71.2,WARNING
03:33.5,0.0,70.1,WARNING
03:38.5,0.0,70.0,HEALTHY
03:43.5,0.0,70.4,WARNING
03:48.5,0.0,70.0,HEALTHY
03:53.5,0.0,70.3,WARNING
03:58.5,100.0,70.2,CRITICAL
04:03.5,21.3,70.5,WARNING
04:08.5,100.0,70.2,CRITICAL
04:13.5,0.0,70.6,WARNING
04:18.5,0.0,70.3,WARNING
04:23.5,0.0,71.1,WARNING
04:28.5,0.0,71.1,WARNING
04:33.5,0.0,71.6,WARNING
04:38.5,0.0,71.6,WARNING
04:43.5,0.0,73.8,WARNING
04:48.5,0.0,76.6,WARNING
04:53.5,0.0,75.5,WARNING
04:58.5,66.7,70.8,WARNING
05:03.5,0.0,71.1,WARNING
05:08.5,0.0,72.3,WARNING
05:13.5,0.0,72.4,WARNING
05:18.5,0.0,71.9,WARNING
05:23.5,0.0,72.5,WARNING
05:28.5,0.0,70.7,WARNING
05:33.5,0.0,70.5,WARNING
05:38.5,0.0,70.2,WARNING
05:43.5,0.0,70.2,WARNING
05:48.5,0.0,70.2,WARNING
05:53.5,83.3,69.1,WARNING
05:58.5,0.0,69.2,HEALTHY
06:03.5,0.0,69.7,HEALTHY
06:08.5,0.0,69.6,HEALTHY
06:13.5,0.0,70.1,WARNING
06:18.5,0.0,70.0,HEALTHY
06:23.5,0.0,68.9,HEALTHY
06:28.5,0.0,68.6,HEALTHY
06:33.5,0.0,68.7,HEALTHY
06:38.5,0.0,68.7,HEALTHY
06:43.5,0.0,68.9,HEALTHY
06:48.5,0.0,68.9,HEALTHY
06:53.5,0.0,69.5,HEALTHY
06:58.4,0.0,69.7,HEALTHY
07:03.4,0.0,70.1,WARNING
07:08.4,17.1,70.0,HEALTHY
07:13.5,0.0,70.2,WARNING
07:18.4,0.0,70.0,HEALTHY
07:23.4,0.0,70.2,WARNING
07:28.4,0.0,69.8,HEALTHY
07:33.4,0.0,69.9,HEALTHY
07:38.4,0.0,69.6,HEALTHY
07:43.4,0.0,69.7,HEALTHY
07:48.4,0.0,69.4,HEALTHY
07:53.4,0.0,71.7,WARNING
07:58.4,0.0,71.1,WARNING
08:03.4,0.0,71.2,WARNING
08:08.4,20.0,71.0,WARNING
08:13.4,0.0,71.0,WARNING
08:18.4,0.0,70.6,WARNING
08:23.4,0.0,71.1,WARNING
08:28.4,0.0,70.5,WARNING
08:33.4,0.0,70.3,WARNING
08:38.4,0.0,70.7,WARNING
08:43.4,0.0,71.4,WARNING
08:48.4,0.0,71.0,WARNING
08:53.4,0.0,71.2,WARNING
08:58.4,0.0,71.3,WARNING
09:03.4,0.0,72.0,WARNING
09:08.4,0.0,71.9,WARNING
09:13.4,0.0,70.8,WARNING
09:18.4,0.0,70.7,WARNING
09:23.4,0.0,71.0,WARNING
09:28.4,0.0,70.6,WARNING
09:33.4,0.0,70.8,WARNING
09:38.4,0.0,70.4,WARNING
09:43.4,0.0,71.0,WARNING
09:48.4,0.0,71.1,WARNING
09:53.4,0.0,71.0,WARNING
09:58.4,0.0,70.5,WARNING
10:03.4,0.0,70.7,WARNING
10:08.4,0.0,70.3,WARNING
10:13.4,0.0,70.4,WARNING
10:18.4,0.0,70.3,WARNING
10:23.4,0.0,70.3,WARNING
10:28.4,0.0,70.1,WARNING
10:33.4,0.0,70.4,WARNING
10:38.4,25.0,70.5,WARNING
10:43.4,0.0,70.7,WARNING
10:48.4,0.0,70.4,WARNING
10:53.4,0.0,70.3,WARNING
10:58.4,0.0,65.4,HEALTHY
11:03.4,0.0,65.0,HEALTHY
11:08.4,0.0,64.8,HEALTHY
11:13.4,0.0,65.5,HEALTHY
11:18.4,11.9,65.7,HEALTHY
11:23.4,11.7,66.3,HEALTHY
11:28.4,0.0,66.2,HEALTHY
11:33.4,0.0,66.4,HEALTHY
11:38.4,0.0,66.8,HEALTHY
11:43.4,0.0,66.2,HEALTHY
11:48.4,0.0,65.9,HEALTHY
11:53.4,0.0,65.9,HEALTHY
11:58.4,0.0,66.2,HEALTHY
12:03.4,0.0,66.8,HEALTHY
12:08.4,0.0,66.5,HEALTHY
12:13.4,0.0,67.5,HEALTHY
12:18.4,0.0,67.6,HEALTHY
12:23.4,0.0,68.2,HEALTHY
12:28.4,0.0,68.6,HEALTHY
12:33.4,0.0,68.6,HEALTHY
12:38.4,0.0,68.2,HEALTHY
12:43.4,0.0,66.4,HEALTHY
12:48.4,0.0,66.1,HEALTHY
12:53.3,0.0,66.5,HEALTHY
12:58.4,0.0,66.5,HEALTHY
13:03.3,0.0,66.8,HEALTHY
13:08.4,0.0,66.4,HEALTHY
13:13.3,0.0,66.4,HEALTHY
13:18.3,0.0,66.6,HEALTHY
13:23.3,0.0,67.2,HEALTHY
13:28.4,0.0,67.0,HEALTHY
13:33.3,0.0,66.8,HEALTHY
13:38.3,0.0,66.3,HEALTHY
13:43.3,0.0,66.5,HEALTHY
13:48.3,0.0,66.1,HEALTHY
13:53.3,13.3,66.7,HEALTHY
13:58.3,0.0,66.8,HEALTHY
14:03.3,0.0,67.3,HEALTHY
14:08.3,0.0,67.0,HEALTHY
14:13.3,0.0,67.1,HEALTHY
14:18.3,0.0,66.9,HEALTHY
14:23.3,16.7,66.9,HEALTHY
14:28.3,0.0,66.6,HEALTHY
14:33.3,0.0,66.8,HEALTHY
14:38.3,0.0,66.6,HEALTHY
14:43.3,0.0,66.8,HEALTHY
14:48.3,0.0,66.5,HEALTHY
14:53.3,0.0,66.7,HEALTHY
14:58.3,0.0,66.9,HEALTHY
15:03.3,0.0,67.1,HEALTHY
15:08.3,0.0,66.9,HEALTHY
15:13.3,11.7,66.9,HEALTHY
15:18.3,0.0,66.7,HEALTHY
15:23.3,0.0,66.9,HEALTHY
15:28.3,0.0,66.5,HEALTHY
15:33.3,0.0,66.7,HEALTHY
15:38.3,0.0,66.5,HEALTHY
15:43.3,0.0,66.7,HEALTHY
15:48.3,0.0,66.4,HEALTHY
15:53.3,0.0,66.6,HEALTHY
15:58.3,0.0,65.3,HEALTHY
16:03.3,0.0,65.7,HEALTHY
16:08.3,0.0,65.4,HEALTHY
16:13.3,0.0,65.7,HEALTHY
16:18.3,0.0,65.2,HEALTHY
16:23.3,0.0,65.4,HEALTHY
16:28.3,0.0,65.0,HEALTHY
16:33.3,0.0,65.6,HEALTHY
16:38.3,100.0,65.2,CRITICAL
16:43.3,0.0,65.1,HEALTHY
16:48.3,0.0,64.9,HEALTHY
16:53.3,0.0,65.1,HEALTHY
16:58.3,0.0,64.9,HEALTHY
17:03.3,0.0,65.2,HEALTHY
17:08.3,0.0,64.9,HEALTHY
17:13.3,0.0,65.2,HEALTHY
21:28.3,0.0,63.7,HEALTHY
21:33.3,0.0,64.5,HEALTHY
21:38.3,0.0,65.2,HEALTHY
21:43.2,0.0,65.0,HEALTHY
21:48.2,0.0,64.9,HEALTHY
21:53.2,0.0,65.2,HEALTHY
21:58.3,0.0,65.2,HEALTHY
22:03.2,0.0,65.6,HEALTHY
22:08.2,0.0,65.5,HEALTHY
22:13.2,0.0,65.7,HEALTHY
22:18.2,0.0,65.4,HEALTHY
22:23.2,0.0,66.4,HEALTHY
22:28.2,0.0,66.5,HEALTHY
22:33.2,0.0,66.8,HEALTHY
22:38.2,0.0,66.1,HEALTHY
22:43.2,0.0,66.6,HEALTHY
22:48.2,0.0,66.7,HEALTHY
22:53.2,0.0,67.2,HEALTHY
22:58.2,0.0,67.2,HEALTHY
23:03.2,0.0,65.4,HEALTHY
23:08.2,0.0,65.0,HEALTHY
23:13.2,0.0,65.3,HEALTHY
23:18.2,0.0,65.0,HEALTHY
23:23.2,0.0,65.2,HEALTHY
23:28.2,0.0,65.0,HEALTHY
23:33.2,0.0,65.4,HEALTHY
23:38.2,0.0,65.1,HEALTHY
23:43.2,0.0,65.4,HEALTHY
23:48.2,0.0,64.8,HEALTHY
23:53.2,0.0,65.2,HEALTHY
26:23.2,0.0,64.9,HEALTHY
26:28.2,0.0,64.8,HEALTHY
26:29.2,0.0,64.8,HEALTHY
26:30.4,0.0,64.8,HEALTHY
26:33.2,0.0,64.9,HEALTHY
26:38.4,0.0,64.7,HEALTHY
26:43.2,0.0,65.0,HEALTHY
26:48.2,0.0,65.3,HEALTHY
26:53.2,0.0,65.4,HEALTHY
26:58.2,0.0,64.9,HEALTHY
27:03.2,0.0,65.0,HEALTHY
27:08.2,0.0,64.5,HEALTHY
27:13.2,0.0,64.8,HEALTHY
27:18.2,0.0,64.6,HEALTHY
27:23.2,0.0,64.9,HEALTHY
27:28.2,0.0,64.9,HEALTHY
27:33.2,9.0,65.1,HEALTHY
27:38.2,0.0,64.9,HEALTHY
27:43.2,0.0,65.1,HEALTHY
27:48.2,0.0,64.9,HEALTHY
27:53.2,0.0,65.0,HEALTHY
27:58.2,0.0,64.5,HEALTHY
28:03.2,0.0,64.7,HEALTHY
28:08.2,0.0,64.4,HEALTHY
28:13.2,0.0,64.6,HEALTHY
28:18.2,0.0,64.3,HEALTHY
28:23.2,0.0,64.7,HEALTHY
28:28.2,0.0,64.4,HEALTHY
28:33.2,0.0,64.6,HEALTHY
28:38.2,0.0,64.4,HEALTHY
28:43.2,0.0,64.7,HEALTHY
28:48.2,0.0,64.4,HEALTHY
28:53.2,0.0,64.6,HEALTHY
28:58.2,0.0,64.4,HEALTHY
29:03.2,0.0,64.7,HEALTHY
29:08.2,0.0,64.8,HEALTHY
29:13.2,0.0,64.9,HEALTHY
29:18.2,0.0,64.8,HEALTHY
29:23.2,0.0,65.0,HEALTHY
29:28.2,0.0,64.8,HEALTHY
29:33.2,0.0,65.0,HEALTHY
29:38.2,0.0,64.5,HEALTHY
29:43.2,0.0,64.7,HEALTHY
29:48.2,0.0,64.8,HEALTHY
29:53.2,5.5,65.1,HEALTHY
29:58.2,0.0,64.9,HEALTHY
30:03.2,6.2,65.0,HEALTHY
30:08.2,0.0,64.6,HEALTHY
30:13.2,0.0,64.8,HEALTHY
30:18.2,0.0,64.9,HEALTHY
30:23.2,0.0,65.0,HEALTHY
30:28.2,0.0,64.8,HEALTHY
30:33.2,0.0,64.8,HEALTHY
30:38.2,0.0,64.9,HEALTHY
30:43.2,0.0,65.1,HEALTHY
30:48.2,0.0,65.0,HEALTHY
30:53.2,0.0,65.2,HEALTHY
30:58.2,0.0,64.9,HEALTHY
31:03.2,0.0,65.2,HEALTHY
31:08.2,0.0,65.4,HEALTHY
31:13.2,0.0,65.7,HEALTHY
31:18.2,0.0,65.3,HEALTHY
31:23.2,0.0,65.4,HEALTHY
31:28.2,0.0,65.2,HEALTHY
31:33.2,0.0,65.5,HEALTHY
31:38.2,8.5,65.5,HEALTHY
31:43.2,0.0,65.0,HEALTHY
31:48.2,0.0,64.8,HEALTHY
31:53.2,0.0,65.0,HEALTHY
31:58.2,0.0,64.8,HEALTHY
32:03.2,0.0,65.2,HEALTHY
32:08.2,0.0,65.0,HEALTHY
32:13.2,0.0,65.0,HEALTHY
32:18.2,0.0,64.5,HEALTHY
32:23.2,0.0,64.8,HEALTHY
32:28.2,0.0,64.6,HEALTHY
32:33.2,9.0,64.8,HEALTHY
32:38.2,0.0,64.5,HEALTHY
32:43.2,0.0,65.1,HEALTHY
32:48.2,0.0,65.0,HEALTHY
32:53.2,0.0,65.2,HEALTHY
32:58.2,0.0,64.8,HEALTHY
33:03.2,0.0,65.0,HEALTHY
33:08.2,0.0,64.8,HEALTHY
33:13.2,0.0,64.6,HEALTHY
33:18.2,0.0,65.5,HEALTHY
33:23.2,0.0,65.7,HEALTHY
33:28.2,0.0,65.4,HEALTHY
33:33.2,0.0,65.5,HEALTHY
33:38.2,0.0,65.7,HEALTHY
33:43.2,0.0,65.9,HEALTHY
33:48.2,0.0,65.6,HEALTHY
33:53.2,0.0,65.7,HEALTHY
33:58.2,0.0,66.3,HEALTHY
34:03.2,0.0,66.5,HEALTHY
34:08.2,0.0,66.3,HEALTHY
34:13.2,0.0,66.8,HEALTHY
34:18.2,0.0,66.9,HEALTHY
34:23.2,0.0,67.0,HEALTHY
34:28.2,0.0,66.4,HEALTHY
34:33.2,0.0,65.2,HEALTHY
34:38.2,0.0,65.0,HEALTHY
34:43.2,0.0,65.3,HEALTHY
34:48.2,0.0,65.0,HEALTHY
34:53.2,0.0,65.2,HEALTHY
34:58.2,0.0,64.9,HEALTHY
35:03.2,0.0,65.2,HEALTHY
35:08.2,0.0,64.9,HEALTHY
35:13.2,0.0,65.3,HEALTHY
35:18.2,0.0,65.1,HEALTHY
35:23.2,0.0,65.3,HEALTHY
35:28.2,8.3,65.1,HEALTHY
35:33.2,0.0,65.4,HEALTHY
35:38.2,50.0,65.4,HEALTHY
35:43.2,0.0,65.5,HEALTHY
35:48.2,0.0,65.2,HEALTHY
35:53.2,100.0,65.4,CRITICAL
35:58.2,0.0,65.1,HEALTHY
36:03.2,0.0,64.1,HEALTHY
36:08.2,0.0,63.6,HEALTHY
36:13.1,0.0,64.1,HEALTHY
36:18.1,0.0,63.9,HEALTHY
36:23.2,0.0,64.1,HEALTHY
36:28.1,8.3,63.9,HEALTHY
36:33.1,0.0,64.2,HEALTHY
36:38.1,0.0,64.1,HEALTHY
36:43.1,0.0,63.9,HEALTHY
36:48.2,0.0,63.7,HEALTHY
36:53.1,0.0,64.1,HEALTHY
36:58.2,0.0,63.8,HEALTHY
37:03.1,0.0,63.8,HEALTHY
37:08.1,0.0,63.7,HEALTHY
37:13.1,0.0,63.9,HEALTHY
37:18.1,8.4,63.5,HEALTHY
37:23.1,0.0,63.7,HEALTHY
37:28.1,0.0,63.6,HEALTHY
37:33.1,0.0,63.9,HEALTHY
37:38.1,0.0,63.7,HEALTHY
37:43.1,0.0,63.9,HEALTHY
37:48.1,8.0,63.6,HEALTHY
37:53.1,0.0,63.8,HEALTHY
37:58.1,0.0,63.7,HEALTHY
38:03.1,0.0,64.5,HEALTHY
38:08.1,0.0,64.3,HEALTHY
38:13.1,0.0,64.6,HEALTHY
38:18.1,0.0,64.4,HEALTHY
38:23.1,0.0,64.9,HEALTHY
38:28.1,0.0,64.6,HEALTHY
38:33.1,0.0,64.6,HEALTHY
38:38.1,0.0,64.9,HEALTHY
38:43.1,0.0,65.3,HEALTHY
38:48.1,0.0,64.9,HEALTHY
38:53.1,0.0,65.3,HEALTHY
38:58.1,0.0,65.6,HEALTHY
39:03.1,0.0,65.6,HEALTHY
39:08.1,0.0,65.5,HEALTHY
39:13.1,58.3,64.9,HEALTHY
39:18.1,0.0,64.6,HEALTHY
39:23.1,0.0,65.0,HEALTHY
39:28.1,0.0,64.8,HEALTHY
39:33.1,0.0,64.8,HEALTHY
39:38.1,0.0,64.5,HEALTHY
39:43.1,0.0,65.1,HEALTHY
39:48.1,0.0,64.9,HEALTHY
39:53.1,0.0,65.0,HEALTHY
39:58.1,0.0,64.7,HEALTHY
40:03.1,0.0,64.9,HEALTHY
40:08.1,8.5,64.7,HEALTHY
40:13.1,0.0,65.0,HEALTHY
40:18.1,100.0,64.5,CRITICAL
40:23.1,0.0,64.7,HEALTHY
40:28.1,0.0,64.4,HEALTHY
40:33.1,8.8,64.8,HEALTHY
40:38.1,0.0,64.9,HEALTHY
40:43.1,0.0,65.1,HEALTHY
40:48.1,0.0,65.3,HEALTHY
40:53.1,0.0,65.8,HEALTHY
40:58.1,0.0,66.2,HEALTHY
41:03.1,0.0,65.6,HEALTHY
41:08.1,8.4,63.3,HEALTHY
41:13.1,0.0,63.4,HEALTHY
41:18.1,0.0,63.6,HEALTHY
41:23.1,0.0,63.8,HEALTHY
41:28.1,0.0,63.8,HEALTHY
41:33.1,0.0,63.9,HEALTHY
41:38.1,0.0,64.0,HEALTHY
41:43.1,0.0,63.2,HEALTHY
41:48.1,0.0,63.2,HEALTHY
41:53.1,0.0,63.2,HEALTHY
41:58.1,0.0,63.7,HEALTHY
42:03.1,0.0,63.6,HEALTHY
42:08.1,0.0,63.3,HEALTHY
42:13.1,0.0,63.3,HEALTHY
42:18.1,0.0,63.2,HEALTHY
42:23.1,66.7,63.3,HEALTHY
42:28.1,8.8,63.3,HEALTHY
42:33.1,0.0,64.1,HEALTHY
42:38.1,0.0,63.9,HEALTHY
42:43.1,0.0,63.9,HEALTHY
42:48.1,0.0,64.2,HEALTHY
42:53.1,0.0,64.7,HEALTHY
42:58.1,0.0,64.9,HEALTHY
43:03.1,0.0,64.9,HEALTHY
43:08.1,8.9,63.4,HEALTHY
43:13.1,8.9,63.7,HEALTHY
43:18.1,0.0,64.3,HEALTHY
43:23.1,0.0,64.5,HEALTHY
43:28.1,0.0,64.1,HEALTHY
43:33.1,0.0,64.0,HEALTHY
43:38.1,0.0,63.9,HEALTHY
43:43.1,0.0,63.7,HEALTHY
43:48.1,0.0,63.2,HEALTHY
43:53.1,0.0,63.1,HEALTHY
43:58.1,0.0,63.5,HEALTHY
44:03.1,0.0,63.6,HEALTHY
44:08.1,0.0,63.2,HEALTHY
44:13.1,0.0,63.2,HEALTHY
44:18.1,0.0,63.2,HEALTHY
44:23.1,9.1,63.5,HEALTHY
44:28.1,0.0,63.6,HEALTHY
44:33.1,0.0,63.5,HEALTHY
44:38.1,0.0,64.0,HEALTHY
44:43.1,0.0,64.1,HEALTHY
44:48.1,0.0,64.1,HEALTHY
44:53.1,0.0,64.0,HEALTHY
44:58.1,0.0,63.7,HEALTHY
45:03.1,9.0,63.7,HEALTHY
45:08.1,0.0,63.6,HEALTHY
45:13.1,0.0,63.8,HEALTHY
45:18.1,0.0,64.2,HEALTHY
47:13.1,0.0,63.7,HEALTHY
47:18.1,0.0,63.4,HEALTHY
47:23.1,0.0,63.5,HEALTHY
47:23.3,0.0,63.5,HEALTHY
47:24.2,0.0,63.8,HEALTHY
47:28.2,0.0,65.7,HEALTHY
47:33.1,0.0,63.6,HEALTHY
47:38.1,0.0,63.9,HEALTHY
47:43.1,0.0,63.9,HEALTHY
47:48.1,0.0,64.2,HEALTHY
47:53.1,0.0,64.0,HEALTHY
47:58.1,0.0,63.9,HEALTHY
48:03.1,0.0,63.9,HEALTHY
48:08.1,0.0,63.9,HEALTHY
48:13.1,0.0,64.0,HEALTHY
48:18.1,51.0,63.6,HEALTHY
48:23.1,0.0,63.8,HEALTHY
48:28.1,0.0,63.8,HEALTHY
48:33.1,0.0,63.6,HEALTHY
48:38.1,0.0,64.9,HEALTHY
48:43.1,0.0,64.9,HEALTHY
48:48.1,0.0,64.9,HEALTHY
48:53.1,0.0,64.7,HEALTHY
48:58.1,0.0,64.4,HEALTHY
49:03.1,0.0,64.4,HEALTHY
49:08.1,100.0,64.3,CRITICAL
49:13.1,0.0,64.3,HEALTHY
49:18.1,0.0,64.4,HEALTHY
49:23.1,0.0,64.4,HEALTHY
49:28.1,0.0,64.3,HEALTHY
49:33.1,0.0,64.4,HEALTHY
49:38.1,0.0,64.4,HEALTHY
49:43.1,31.0,64.3,HEALTHY
49:48.1,0.0,64.1,HEALTHY
49:53.1,0.0,64.0,HEALTHY
49:58.0,0.0,64.3,HEALTHY
50:03.1,100.0,64.8,CRITICAL
50:08.0,9.0,64.8,HEALTHY
50:13.0,0.0,64.9,HEALTHY
50:18.1,0.0,65.3,HEALTHY
50:23.0,0.0,65.8,HEALTHY
50:28.1,0.0,66.0,HEALTHY
50:33.0,0.0,64.3,HEALTHY
50:38.0,0.0,64.3,HEALTHY
50:43.0,0.0,64.2,HEALTHY
50:48.1,0.0,64.2,HEALTHY
50:53.0,0.0,63.9,HEALTHY
50:58.1,0.0,64.0,HEALTHY
51:03.0,0.0,63.9,HEALTHY
51:08.1,0.0,63.7,HEALTHY
51:13.0,0.0,63.5,HEALTHY
51:18.1,59.2,63.5,HEALTHY
51:23.0,0.0,63.8,HEALTHY
51:28.0,0.0,63.7,HEALTHY
51:33.0,100.0,63.8,CRITICAL
51:38.0,100.0,64.0,CRITICAL
51:43.0,40.0,63.8,HEALTHY
51:48.1,0.0,63.9,HEALTHY
51:53.0,0.0,63.8,HEALTHY
51:58.0,0.0,63.7,HEALTHY
52:03.0,0.0,63.7,HEALTHY
52:08.0,21.3,63.8,HEALTHY
52:13.0,0.0,63.3,HEALTHY
52:18.0,0.0,63.2,HEALTHY
52:23.0,0.0,63.1,HEALTHY
52:28.0,0.0,63.2,HEALTHY
52:33.0,0.0,63.3,HEALTHY
52:38.0,0.0,63.4,HEALTHY
52:43.0,0.0,63.3,HEALTHY
52:48.0,0.0,63.3,HEALTHY
52:53.0,35.0,63.1,HEALTHY
52:58.0,0.0,63.2,HEALTHY
53:03.0,0.0,63.3,HEALTHY
53:08.1,0.0,63.3,HEALTHY
53:13.0,0.0,63.2,HEALTHY
53:18.0,0.0,63.2,HEALTHY
53:23.0,0.0,63.3,HEALTHY
53:28.0,0.0,63.3,HEALTHY
53:33.0,0.0,63.3,HEALTHY
53:38.0,0.0,63.3,HEALTHY
53:43.0,0.0,63.5,HEALTHY
53:48.0,0.0,63.4,HEALTHY
53:53.0,0.0,63.3,HEALTHY
53:58.0,50.0,64.0,HEALTHY
54:03.1,100.0,63.9,CRITICAL
54:08.0,23.8,63.9,HEALTHY
54:13.0,0.0,63.9,HEALTHY
54:18.0,0.0,64.4,HEALTHY
54:23.0,0.0,65.2,HEALTHY
54:28.0,0.0,64.9,HEALTHY
54:33.0,0.0,64.3,HEALTHY
54:38.0,0.0,65.0,HEALTHY
54:43.0,58.0,63.9,HEALTHY
54:48.0,0.0,64.4,HEALTHY
54:53.0,0.0,64.6,HEALTHY
54:58.0,0.0,62.8,HEALTHY
55:03.0,0.0,62.9,HEALTHY
56:11.8,0.0,66.1,HEALTHY
56:16.8,0.0,65.7,HEALTHY
56:21.8,0.0,65.9,HEALTHY
56:26.8,50.0,67.1,HEALTHY
56:31.8,0.0,66.0,HEALTHY
56:36.8,14.9,65.9,HEALTHY
56:41.8,0.0,65.7,HEALTHY
56:46.8,0.0,65.9,HEALTHY
56:51.8,0.0,65.8,HEALTHY
56:56.8,0.0,65.8,HEALTHY
57:01.8,0.0,65.8,HEALTHY
57:06.8,0.0,65.7,HEALTHY
57:11.8,0.0,65.8,HEALTHY
57:16.8,0.0,65.5,HEALTHY
57:21.8,0.0,65.5,HEALTHY
57:26.8,11.7,65.4,HEALTHY
57:31.8,30.0,65.3,HEALTHY
57:36.8,0.0,65.3,HEALTHY
57:41.8,0.0,65.5,HEALTHY
57:46.8,16.4,65.5,HEALTHY
57:51.8,53.0,65.5,HEALTHY
57:56.8,0.0,65.5,HEALTHY
58:01.8,0.0,65.6,HEALTHY
58:03.4,0.0,65.5,HEALTHY
58:06.8,0.0,65.6,HEALTHY
58:11.8,0.0,65.7,HEALTHY
58:16.8,0.0,65.6,HEALTHY
58:21.8,0.0,62.8,HEALTHY
58:26.8,0.0,62.2,HEALTHY
58:31.8,0.0,62.4,HEALTHY
15:23.6,0.0,67.6,HEALTHY
15:28.6,0.0,67.2,HEALTHY
15:33.6,0.0,67.0,HEALTHY
15:38.6,33.0,66.9,HEALTHY
15:43.6,0.0,66.8,HEALTHY
15:48.6,0.0,66.8,HEALTHY
15:53.6,35.0,66.8,HEALTHY
15:58.6,0.0,66.5,HEALTHY
16:03.6,53.0,65.5,HEALTHY
16:08.6,0.0,65.3,HEALTHY
16:13.6,0.0,65.2,HEALTHY
16:18.6,41.0,65.0,HEALTHY
16:23.6,0.0,65.0,HEALTHY
16:28.6,0.0,65.0,HEALTHY
16:33.6,0.0,65.0,HEALTHY
16:38.6,0.0,65.0,HEALTHY
16:43.6,0.0,65.0,HEALTHY
16:48.6,53.0,65.0,HEALTHY
16:53.6,0.0,65.4,HEALTHY
16:58.6,0.0,65.3,HEALTHY
17:03.6,0.0,65.2,HEALTHY
17:08.6,0.0,65.2,HEALTHY
17:13.6,0.0,65.1,HEALTHY
17:18.6,1.3,65.1,HEALTHY
17:23.6,0.0,65.1,HEALTHY
17:28.6,39.0,65.1,HEALTHY
17:33.6,30.0,65.0,HEALTHY
17:38.6,0.0,65.1,HEALTHY
17:43.6,0.0,65.0,HEALTHY
17:48.6,0.0,65.0,HEALTHY
17:53.6,46.3,65.1,HEALTHY
17:58.6,0.0,65.1,HEALTHY
18:03.6,0.0,65.0,HEALTHY
18:08.6,0.0,65.4,HEALTHY
18:13.6,0.0,65.3,HEALTHY
18:18.6,1.1,65.4,HEALTHY
18:23.6,0.0,65.4,HEALTHY
18:28.6,0.0,65.4,HEALTHY
18:33.6,0.0,65.4,HEALTHY
18:38.6,51.0,65.4,HEALTHY
18:43.6,0.0,64.7,HEALTHY
18:48.6,0.0,64.3,HEALTHY
18:53.6,0.0,64.4,HEALTHY
18:58.6,46.0,64.5,HEALTHY
19:03.6,53.0,64.4,HEALTHY
19:08.6,0.0,64.5,HEALTHY
19:13.6,59.0,64.5,HEALTHY
19:18.6,0.0,64.2,HEALTHY
19:23.6,0.0,64.2,HEALTHY
19:28.6,0.0,64.3,HEALTHY
19:33.6,0.0,64.1,HEALTHY
19:38.6,0.0,64.1,HEALTHY
19:43.6,4.8,64.1,HEALTHY
19:48.6,0.0,64.5,HEALTHY
21:33.6,0.0,66.7,HEALTHY
21:38.7,0.0,66.8,HEALTHY
21:48.6,51.0,66.3,HEALTHY
21:53.6,0.0,66.2,HEALTHY
21:57.2,0.0,66.1,HEALTHY
21:58.6,0.0,66.1,HEALTHY
21:58.6,0.0,66.1,HEALTHY
22:03.8,0.0,68.9,HEALTHY
22:08.6,0.0,66.1,HEALTHY
22:13.6,0.0,65.9,HEALTHY
22:18.6,0.0,66.7,HEALTHY
22:23.6,0.0,66.7,HEALTHY
22:28.6,0.0,66.7,HEALTHY
22:33.6,0.0,66.6,HEALTHY
22:38.6,0.0,66.5,HEALTHY
22:43.6,0.0,66.8,HEALTHY
22:48.6,0.0,67.3,HEALTHY
22:53.6,0.0,67.4,HEALTHY
22:58.6,0.0,67.7,HEALTHY
23:03.6,0.0,68.1,HEALTHY
23:08.6,0.0,68.3,HEALTHY
23:13.6,0.0,68.1,HEALTHY
23:18.6,0.0,67.0,HEALTHY
23:23.6,0.0,67.0,HEALTHY
23:28.6,0.0,67.0,HEALTHY
23:33.6,0.0,66.8,HEALTHY
23:38.6,0.0,65.9,HEALTHY
23:43.6,0.0,66.3,HEALTHY
23:53.6,0.0,66.9,HEALTHY
23:58.6,0.0,66.9,HEALTHY
24:02.0,0.0,67.0,HEALTHY
24:03.0,0.0,66.8,HEALTHY
24:03.6,0.0,66.8,HEALTHY
24:03.8,0.0,66.8,HEALTHY
24:04.4,41.0,66.8,HEALTHY
24:04.7,0.0,66.8,HEALTHY
24:04.9,83.3,66.9,WARNING
24:05.1,57.0,66.9,HEALTHY
24:05.5,0.0,67.0,HEALTHY
24:06.2,0.0,66.7,HEALTHY
24:07.3,0.0,66.7,HEALTHY
24:08.6,0.0,66.6,HEALTHY
24:08.6,0.0,66.6,HEALTHY
24:09.7,31.0,66.7,HEALTHY
24:13.6,0.0,66.7,HEALTHY
24:18.6,0.0,66.7,HEALTHY
24:23.9,9.9,71.2,WARNING
24:28.6,0.0,66.7,HEALTHY
24:33.6,0.0,66.6,HEALTHY
24:38.6,0.0,66.6,HEALTHY
24:43.6,0.0,66.6,HEALTHY
24:48.6,0.0,66.4,HEALTHY
24:53.6,0.0,66.5,HEALTHY
24:58.6,0.0,66.6,HEALTHY
25:03.6,0.0,66.5,HEALTHY
25:08.6,0.0,66.4,HEALTHY
25:13.6,0.0,66.5,HEALTHY
25:18.6,0.0,66.5,HEALTHY
25:23.6,0.0,66.5,HEALTHY
25:28.6,0.0,66.8,HEALTHY
25:33.6,0.0,66.9,HEALTHY
25:38.6,0.0,66.7,HEALTHY
25:43.6,0.0,66.6,HEALTHY
25:48.6,0.0,66.5,HEALTHY
25:53.6,41.0,66.5,HEALTHY
25:58.6,0.0,66.5,HEALTHY
26:03.6,0.0,66.9,HEALTHY
26:08.6,0.0,67.0,HEALTHY
26:13.6,9.5,67.2,HEALTHY
26:18.6,36.0,67.1,HEALTHY
26:23.6,0.0,66.8,HEALTHY
26:25.8,0.0,66.9,HEALTHY
26:26.7,0.0,66.9,HEALTHY
26:28.6,0.0,66.9,HEALTHY
26:28.6,40.0,66.9,HEALTHY
26:29.5,0.0,66.9,HEALTHY
26:30.7,51.0,67.0,HEALTHY
26:33.6,0.0,66.8,HEALTHY
26:38.7,62.8,66.8,HEALTHY
26:43.6,0.0,66.6,HEALTHY
26:48.6,0.0,66.7,HEALTHY
26:53.6,0.0,66.5,HEALTHY
26:58.6,43.0,66.4,HEALTHY
27:03.6,0.0,66.5,HEALTHY
27:08.6,48.0,66.5,HEALTHY
27:13.6,0.0,66.5,HEALTHY
27:18.6,0.0,66.4,HEALTHY
27:23.6,0.0,66.5,HEALTHY
27:28.6,0.0,66.5,HEALTHY
27:33.6,0.0,66.6,HEALTHY
27:38.6,30.0,66.6,HEALTHY
27:43.6,8.9,66.6,HEALTHY
27:48.6,0.0,67.1,HEALTHY
27:53.6,0.0,67.6,HEALTHY
27:58.6,49.2,67.8,HEALTHY
28:03.6,0.0,67.7,HEALTHY
28:08.6,0.0,67.6,HEALTHY
28:13.6,0.0,68.0,HEALTHY
28:18.6,0.0,67.9,HEALTHY
28:23.6,0.0,67.8,HEALTHY
28:28.6,0.0,67.6,HEALTHY
28:33.6,60.0,68.4,HEALTHY
28:38.6,0.0,67.5,HEALTHY
28:43.6,0.0,67.0,HEALTHY
28:48.6,0.0,66.9,HEALTHY
28:53.6,0.0,67.1,HEALTHY
28:58.6,0.0,67.2,HEALTHY
29:03.6,0.0,67.2,HEALTHY
29:08.6,0.0,67.1,HEALTHY
29:13.6,0.0,67.1,HEALTHY
29:18.6,10.3,67.1,HEALTHY
29:23.6,0.0,66.8,HEALTHY
29:28.6,0.0,67.0,HEALTHY
29:33.6,0.0,67.2,HEALTHY
29:38.6,0.0,67.1,HEALTHY
29:43.6,0.0,66.9,HEALTHY
29:48.6,52.0,67.0,HEALTHY
29:53.7,0.0,67.7,HEALTHY
29:58.6,49.0,66.6,HEALTHY
30:03.6,0.0,66.6,HEALTHY
30:08.6,0.0,66.4,HEALTHY
30:13.6,0.0,66.4,HEALTHY
30:18.6,37.0,66.5,HEALTHY
30:23.6,0.0,66.5,HEALTHY
30:28.6,0.0,66.5,HEALTHY
30:33.6,0.0,66.5,HEALTHY
30:38.6,0.0,66.6,HEALTHY
30:43.6,0.0,66.7,HEALTHY
30:48.6,0.0,66.5,HEALTHY
30:53.6,9.1,66.6,HEALTHY
30:58.6,0.0,66.6,HEALTHY
31:03.6,0.0,66.6,HEALTHY
31:08.6,0.0,66.6,HEALTHY
31:13.6,0.0,66.3,HEALTHY
31:18.6,0.0,66.8,HEALTHY
31:23.6,0.0,67.1,HEALTHY
31:28.6,0.0,67.3,HEALTHY
31:33.6,10.1,67.2,HEALTHY
31:38.6,0.0,67.0,HEALTHY
31:43.6,0.0,67.2,HEALTHY
31:48.6,0.0,67.6,HEALTHY
31:53.6,9.9,67.7,HEALTHY
31:58.6,0.0,67.7,HEALTHY
32:03.6,0.0,67.9,HEALTHY
32:08.6,9.6,68.1,HEALTHY
32:13.6,0.0,68.5,HEALTHY
32:18.6,0.0,67.0,HEALTHY
32:23.6,0.0,66.7,HEALTHY
32:28.6,100.0,66.4,CRITICAL
32:32.6,0.0,66.6,HEALTHY
32:33.6,0.0,66.4,HEALTHY
32:34.1,12.0,66.4,HEALTHY
32:34.9,0.0,66.4,HEALTHY
32:35.6,0.0,66.4,HEALTHY
32:36.7,60.0,66.2,HEALTHY
32:38.6,0.0,66.3,HEALTHY
32:43.6,0.0,66.2,HEALTHY
32:45.8,0.0,66.2,HEALTHY
32:48.6,0.0,66.2,HEALTHY
32:53.6,0.0,66.6,HEALTHY
32:54.8,0.0,66.6,HEALTHY
32:57.2,0.0,66.5,HEALTHY
32:58.6,0.0,66.5,HEALTHY
32:58.7,0.0,66.5,HEALTHY
32:59.9,0.0,66.4,HEALTHY
33:01.2,0.0,66.5,HEALTHY
33:01.9,32.0,66.5,HEALTHY
33:02.4,0.0,66.6,HEALTHY
33:03.1,0.0,66.3,HEALTHY
33:03.5,0.0,66.3,HEALTHY
33:03.6,0.0,66.3,HEALTHY
33:04.0,0.0,66.3,HEALTHY
33:05.1,0.0,66.4,HEALTHY
33:05.8,10.5,66.4,HEALTHY
33:08.6,0.0,66.6,HEALTHY
33:13.6,0.0,66.7,HEALTHY
33:18.6,0.0,66.6,HEALTHY
33:23.6,0.0,66.8,HEALTHY
33:28.6,0.0,66.7,HEALTHY
33:33.6,0.0,66.7,HEALTHY
33:38.6,0.0,66.7,HEALTHY
33:43.6,0.0,66.7,HEALTHY
33:48.6,0.0,66.5,HEALTHY
33:53.6,9.6,66.4,HEALTHY
33:58.6,0.0,66.3,HEALTHY
34:03.6,0.0,66.9,HEALTHY
34:08.6,0.0,67.0,HEALTHY
34:13.6,0.0,66.9,HEALTHY
34:18.6,0.0,66.9,HEALTHY
34:23.6,0.0,67.4,HEALTHY
34:28.6,0.0,67.3,HEALTHY
34:33.6,0.0,67.2,HEALTHY
34:38.6,0.0,66.3,HEALTHY
34:43.6,49.0,66.2,HEALTHY
34:48.6,0.0,66.1,HEALTHY
34:53.6,0.0,66.2,HEALTHY
34:58.6,0.0,66.1,HEALTHY
35:03.6,0.0,66.2,HEALTHY
35:08.6,0.0,66.1,HEALTHY
35:13.6,7.9,66.1,HEALTHY
35:18.6,0.0,66.1,HEALTHY
35:23.6,0.0,66.2,HEALTHY
35:28.6,0.0,66.1,HEALTHY
35:33.6,0.0,66.1,HEALTHY
35:38.6,0.0,66.1,HEALTHY
35:43.6,8.3,65.9,HEALTHY
35:48.6,54.0,64.7,HEALTHY
35:53.6,7.4,65.0,HEALTHY
35:58.6,0.0,65.1,HEALTHY
36:03.6,0.0,65.1,HEALTHY
36:08.6,0.0,65.1,HEALTHY
36:13.6,0.0,65.1,HEALTHY
36:18.6,0.0,65.0,HEALTHY
36:23.6,0.0,65.0,HEALTHY
36:28.6,0.0,65.0,HEALTHY
36:33.6,0.0,64.9,HEALTHY
36:38.6,0.0,64.6,HEALTHY
36:43.6,0.0,64.6,HEALTHY
36:48.6,8.8,64.7,HEALTHY
36:53.5,0.0,65.0,HEALTHY
36:58.6,7.0,65.0,HEALTHY
37:03.6,0.0,65.7,HEALTHY
37:08.5,0.0,65.6,HEALTHY
37:13.6,0.0,65.7,HEALTHY
37:19.0,0.0,66.9,HEALTHY
37:24.0,0.0,66.0,HEALTHY
37:29.0,0.0,65.9,HEALTHY
37:33.7,0.0,65.7,HEALTHY
37:38.6,0.0,65.7,HEALTHY
37:43.6,0.0,65.9,HEALTHY
37:48.6,0.0,66.2,HEALTHY
37:53.6,0.0,72.4,WARNING
37:58.6,30.0,68.9,HEALTHY
38:03.6,8.9,66.0,HEALTHY
38:08.6,0.0,66.0,HEALTHY
38:13.7,0.0,66.0,HEALTHY
38:18.7,0.0,65.9,HEALTHY
38:23.7,9.5,65.9,HEALTHY
38:28.7,0.0,65.8,HEALTHY
38:33.7,38.0,65.9,HEALTHY
38:38.6,0.0,65.9,HEALTHY
38:43.6,0.0,65.9,HEALTHY
38:48.6,0.0,65.9,HEALTHY
38:53.6,0.0,66.0,HEALTHY
38:58.6,0.0,66.1,HEALTHY
39:03.7,7.4,66.1,HEALTHY
39:08.7,7.5,65.9,HEALTHY
39:13.7,0.0,66.3,HEALTHY
39:18.7,0.0,66.3,HEALTHY
39:23.7,0.0,65.9,HEALTHY
39:28.7,0.0,65.9,HEALTHY
39:33.7,0.0,65.9,HEALTHY
39:38.7,0.0,65.8,HEALTHY
39:43.7,0.0,67.6,HEALTHY
39:48.7,0.0,67.4,HEALTHY
39:53.7,0.0,66.8,HEALTHY
39:58.7,0.0,66.6,HEALTHY
40:03.7,0.0,66.4,HEALTHY
40:08.7,0.0,66.3,HEALTHY
40:13.7,40.0,66.5,HEALTHY
40:18.7,0.0,66.7,HEALTHY
40:23.7,0.0,67.0,HEALTHY
40:28.7,8.7,67.7,HEALTHY
40:33.7,38.0,67.9,HEALTHY
40:36.4,0.0,67.8,HEALTHY
40:38.7,0.0,67.6,HEALTHY
40:43.7,0.0,67.4,HEALTHY
40:48.7,0.0,65.4,HEALTHY
40:53.7,0.0,64.7,HEALTHY
40:58.7,0.0,64.8,HEALTHY
41:03.7,52.0,64.8,HEALTHY
41:08.7,0.0,64.7,HEALTHY
41:13.7,0.0,64.7,HEALTHY
41:18.7,0.0,64.7,HEALTHY
41:23.7,0.0,64.5,HEALTHY
41:28.7,0.0,64.6,HEALTHY
41:33.7,0.0,64.9,HEALTHY
41:38.7,0.0,65.2,HEALTHY
41:43.7,0.0,65.3,HEALTHY
41:48.7,0.0,65.3,HEALTHY
41:53.7,0.0,65.0,HEALTHY
41:58.7,0.0,65.0,HEALTHY
42:03.7,0.0,65.0,HEALTHY
42:08.7,0.0,64.9,HEALTHY
42:13.7,0.0,64.8,HEALTHY
42:18.7,34.0,64.6,HEALTHY
42:23.7,0.0,64.6,HEALTHY
42:28.7,0.0,64.6,HEALTHY
42:33.7,0.0,64.7,HEALTHY
42:38.7,9.8,65.1,HEALTHY
42:43.7,40.0,65.4,HEALTHY
42:48.6,0.0,65.3,HEALTHY
42:53.7,9.3,65.2,HEALTHY
42:58.7,0.0,65.2,HEALTHY
43:03.7,55.5,64.5,HEALTHY
43:08.7,0.0,64.4,HEALTHY
43:13.7,0.0,64.4,HEALTHY
43:18.7,0.0,64.3,HEALTHY
43:23.7,0.0,64.3,HEALTHY
43:28.7,0.0,64.3,HEALTHY
43:33.6,0.0,65.1,HEALTHY
43:38.7,0.0,64.9,HEALTHY
43:43.7,0.0,64.8,HEALTHY
43:48.7,0.0,64.8,HEALTHY
43:53.6,0.0,64.8,HEALTHY
43:58.6,0.0,64.8,HEALTHY
44:03.6,0.0,64.9,HEALTHY
44:08.6,0.0,64.8,HEALTHY
44:13.6,47.0,64.8,HEALTHY
44:18.6,6.1,64.8,HEALTHY
44:23.6,0.0,64.8,HEALTHY
44:28.6,58.0,64.8,HEALTHY
44:33.6,0.0,65.1,HEALTHY
44:38.6,0.0,65.1,HEALTHY
44:43.6,0.0,64.9,HEALTHY
44:48.6,0.0,64.9,HEALTHY
44:53.6,0.0,64.9,HEALTHY
44:58.6,0.0,64.8,HEALTHY
45:03.6,0.0,64.8,HEALTHY
45:08.6,8.3,64.8,HEALTHY
45:13.6,0.0,64.7,HEALTHY
45:18.6,0.0,64.7,HEALTHY
45:23.6,6.8,64.8,HEALTHY
45:28.7,0.0,64.7,HEALTHY
45:33.6,0.0,64.7,HEALTHY
45:38.6,0.0,64.6,HEALTHY
45:43.6,0.0,64.6,HEALTHY
45:48.6,0.0,63.9,HEALTHY
45:53.6,0.0,63.0,HEALTHY
45:58.6,0.0,63.0,HEALTHY
46:03.6,0.0,63.0,HEALTHY
46:08.6,0.0,63.0,HEALTHY
46:13.6,0.0,63.0,HEALTHY
46:18.6,0.0,63.0,HEALTHY
46:23.6,0.0,63.0,HEALTHY
46:28.6,0.0,62.9,HEALTHY
46:33.6,7.8,63.1,HEALTHY
46:38.6,39.4,63.0,HEALTHY
46:43.6,7.6,63.0,HEALTHY
46:48.6,0.0,63.0,HEALTHY
46:53.6,7.5,62.8,HEALTHY
46:58.6,0.0,62.9,HEALTHY
47:03.6,0.0,62.9,HEALTHY
47:08.6,0.0,62.8,HEALTHY
47:13.6,0.0,62.9,HEALTHY
47:18.6,8.0,62.8,HEALTHY
47:23.6,0.0,62.9,HEALTHY
47:28.6,0.0,62.9,HEALTHY
47:33.6,0.0,63.0,HEALTHY
47:38.6,0.0,62.9,HEALTHY
47:43.6,0.0,63.0,HEALTHY
47:48.6,32.0,62.9,HEALTHY
47:53.6,5.1,62.9,HEALTHY
47:58.6,0.0,62.9,HEALTHY
48:03.6,0.0,62.9,HEALTHY
48:08.6,0.0,62.9,HEALTHY
48:13.6,7.3,62.9,HEALTHY
48:18.6,8.1,62.9,HEALTHY
48:23.6,8.2,62.9,HEALTHY
48:28.6,0.0,63.1,HEALTHY
48:33.6,0.0,63.2,HEALTHY
48:38.6,0.0,63.0,HEALTHY
48:43.6,55.4,63.0,HEALTHY
48:48.6,0.0,62.9,HEALTHY
48:53.6,0.0,62.9,HEALTHY
48:58.6,0.0,62.8,HEALTHY
49:03.6,0.0,63.2,HEALTHY
49:08.6,0.0,63.2,HEALTHY
49:13.6,0.0,63.2,HEALTHY
49:18.6,0.0,63.2,HEALTHY
49:23.6,8.0,63.3,HEALTHY
49:28.6,0.0,63.4,HEALTHY
49:33.6,0.0,63.8,HEALTHY
49:38.6,0.0,63.8,HEALTHY
49:43.6,0.0,63.8,HEALTHY
49:48.6,0.0,64.0,HEALTHY
49:53.6,80.0,64.2,WARNING
49:58.6,0.0,64.0,HEALTHY
50:03.6,6.1,63.4,HEALTHY
50:08.6,0.0,63.5,HEALTHY
50:13.6,0.0,63.5,HEALTHY
50:18.6,32.0,63.3,HEALTHY
50:23.6,63.2,63.7,HEALTHY
50:28.6,0.0,63.7,HEALTHY
50:33.6,0.0,63.8,HEALTHY
50:38.6,0.0,63.5,HEALTHY
50:43.6,39.5,63.7,HEALTHY
50:48.6,0.0,63.1,HEALTHY
50:53.6,0.0,62.9,HEALTHY
50:58.6,59.0,62.6,HEALTHY
51:03.6,75.0,62.7,WARNING
51:08.6,7.6,62.5,HEALTHY
51:13.6,0.0,62.7,HEALTHY
51:18.6,0.0,62.2,HEALTHY
51:20.9,0.0,62.2,HEALTHY
51:22.9,0.0,62.4,HEALTHY
51:23.6,0.0,62.5,HEALTHY
51:29.1,0.0,62.4,HEALTHY
51:33.6,0.0,62.7,HEALTHY
51:38.6,0.0,62.3,HEALTHY
51:43.6,7.1,63.2,HEALTHY
51:48.6,0.0,63.6,HEALTHY
51:53.6,0.0,63.7,HEALTHY
51:58.6,0.0,63.9,HEALTHY
52:03.6,0.0,63.9,HEALTHY
52:08.6,0.0,63.5,HEALTHY
52:13.6,0.0,63.7,HEALTHY
52:18.6,0.0,63.5,HEALTHY
52:23.6,8.0,63.6,HEALTHY
52:28.6,0.0,63.3,HEALTHY
52:33.6,0.0,63.6,HEALTHY
52:38.6,0.0,63.2,HEALTHY
52:43.6,8.1,64.2,HEALTHY
52:48.6,8.4,64.5,HEALTHY
52:53.6,0.0,64.5,HEALTHY
52:58.6,0.0,64.3,HEALTHY
53:03.6,8.4,64.5,HEALTHY
53:08.6,0.0,63.1,HEALTHY
53:13.6,0.0,63.2,HEALTHY
53:18.6,9.2,63.1,HEALTHY
53:23.6,0.0,63.0,HEALTHY
53:28.6,0.0,62.7,HEALTHY
53:33.6,0.0,63.1,HEALTHY
53:38.6,0.0,63.1,HEALTHY
53:43.6,8.2,63.1,HEALTHY
53:48.6,0.0,62.9,HEALTHY
53:53.6,0.0,63.3,HEALTHY
53:58.6,0.0,63.1,HEALTHY
54:03.6,0.0,63.4,HEALTHY
54:08.6,0.0,63.1,HEALTHY
54:13.6,37.0,63.2,HEALTHY
54:18.6,0.0,63.0,HEALTHY
54:23.6,0.0,63.2,HEALTHY
54:28.6,0.0,62.8,HEALTHY
54:33.6,8.0,62.9,HEALTHY
54:38.6,9.9,62.5,HEALTHY
54:43.6,0.0,62.8,HEALTHY
54:48.6,0.0,62.7,HEALTHY
54:53.6,0.0,63.0,HEALTHY
54:58.6,0.0,62.7,HEALTHY
55:03.6,0.0,63.4,HEALTHY
55:08.6,43.2,63.0,HEALTHY
55:13.6,9.7,63.5,HEALTHY
55:18.6,0.0,63.3,HEALTHY
55:23.6,0.0,64.1,HEALTHY
55:28.6,0.0,64.1,HEALTHY
55:33.6,0.0,64.1,HEALTHY
55:38.6,0.0,63.8,HEALTHY
55:43.6,0.0,63.9,HEALTHY
55:48.6,0.0,64.1,HEALTHY
55:53.6,45.0,63.6,HEALTHY
55:58.6,31.0,64.2,HEALTHY
56:03.6,0.0,63.9,HEALTHY
56:08.6,0.0,63.6,HEALTHY
56:13.6,0.0,63.7,HEALTHY
56:18.6,0.0,63.7,HEALTHY
56:23.6,0.0,64.0,HEALTHY
56:28.6,0.0,63.0,HEALTHY
56:33.6,0.0,63.4,HEALTHY
56:38.6,0.0,63.1,HEALTHY
56:43.6,0.0,62.9,HEALTHY
56:48.6,0.0,62.7,HEALTHY
56:53.6,0.0,63.0,HEALTHY
56:58.6,0.0,62.7,HEALTHY
57:03.6,0.0,62.7,HEALTHY
57:08.6,0.0,62.5,HEALTHY
57:13.6,0.0,62.6,HEALTHY
57:18.6,0.0,63.0,HEALTHY
57:23.6,45.0,63.6,HEALTHY
57:28.6,8.3,63.3,HEALTHY
57:33.6,0.0,63.6,HEALTHY
57:38.6,0.0,63.5,HEALTHY
57:43.6,0.0,64.0,HEALTHY
57:48.6,0.0,64.4,HEALTHY
57:53.6,10.1,64.6,HEALTHY
57:58.6,8.6,64.3,HEALTHY
58:03.6,0.0,64.4,HEALTHY
58:08.6,0.0,62.8,HEALTHY
58:13.6,0.0,62.8,HEALTHY
58:18.6,0.0,62.6,HEALTHY
58:23.6,0.0,62.8,HEALTHY
58:28.6,9.6,62.9,HEALTHY
58:33.6,0.0,63.2,HEALTHY
58:38.6,0.0,63.0,HEALTHY
58:43.6,0.0,62.8,HEALTHY
58:48.6,10.0,62.6,HEALTHY
58:53.6,0.0,63.7,HEALTHY
58:58.6,49.0,63.7,HEALTHY
59:03.6,0.0,63.9,HEALTHY
59:08.6,0.0,63.9,HEALTHY
59:13.6,39.0,64.6,HEALTHY
59:18.6,51.0,64.4,HEALTHY
59:23.6,8.7,64.6,HEALTHY
59:28.6,8.7,64.3,HEALTHY
59:33.6,0.0,64.6,HEALTHY
59:38.6,10.0,64.5,HEALTHY
59:43.6,0.0,64.5,HEALTHY
59:48.6,53.5,64.3,HEALTHY
59:53.6,9.8,64.0,HEALTHY
59:58.6,0.0,62.7,HEALTHY
00:03.6,0.0,63.3,HEALTHY
00:08.6,0.0,63.1,HEALTHY
00:13.6,0.0,63.2,HEALTHY
00:18.6,0.0,62.6,HEALTHY
00:23.6,0.0,62.7,HEALTHY
00:28.6,0.0,63.1,HEALTHY
00:33.6,38.0,63.3,HEALTHY
00:38.6,0.0,63.0,HEALTHY
00:43.6,0.0,63.2,HEALTHY
00:48.6,0.0,62.9,HEALTHY
00:53.6,0.0,62.7,HEALTHY
00:58.6,0.0,62.6,HEALTHY
01:03.6,0.0,63.1,HEALTHY
01:08.6,0.0,62.8,HEALTHY
01:13.6,53.6,62.9,HEALTHY
01:18.6,0.0,62.6,HEALTHY
08:44.6,11.4,74.9,WARNING
08:44.6,11.4,74.9,WARNING
08:49.5,6.7,73.9,WARNING
08:49.5,6.7,73.9,WARNING
08:54.5,10.7,73.6,WARNING
08:54.6,10.7,73.6,WARNING
08:59.5,7.7,74.0,WARNING
08:59.5,7.7,74.0,WARNING
09:04.5,10.8,74.1,WARNING
09:04.6,10.8,74.1,WARNING
09:09.5,10.5,74.3,WARNING
09:09.5,10.5,74.3,WARNING
09:14.5,11.7,74.2,WARNING
09:14.6,11.7,74.2,WARNING
09:19.5,10.8,73.9,WARNING
09:19.6,10.8,73.9,WARNING
09:23.2,16.3,74.5,WARNING
09:23.2,16.3,74.5,WARNING
09:24.5,12.6,74.0,WARNING
09:24.6,12.6,74.0,WARNING
09:26.3,4.7,73.9,WARNING
09:26.3,4.7,73.9,WARNING
09:29.5,12.7,74.0,WARNING
09:29.6,12.7,74.0,WARNING
09:34.5,9.9,74.0,WARNING
09:34.5,9.9,74.0,WARNING
09:39.5,17.1,74.0,WARNING
09:39.6,17.1,74.0,WARNING
09:44.5,6.5,74.3,WARNING
09:44.5,6.5,74.3,WARNING
09:49.5,12.9,73.4,WARNING
09:49.5,12.9,73.4,WARNING
09:54.5,30.4,73.2,WARNING
09:54.6,30.4,73.2,WARNING
09:59.5,14.5,73.3,WARNING
09:59.5,14.5,73.3,WARNING
10:04.5,19.7,73.1,WARNING
10:04.5,19.7,73.1,WARNING
10:09.5,9.6,73.5,WARNING
10:09.5,9.6,73.5,WARNING
10:14.5,10.4,73.5,WARNING
10:14.5,10.4,73.5,WARNING
10:19.5,7.8,73.7,WARNING
10:19.5,7.8,73.7,WARNING
10:23.8,14.4,74.0,WARNING
10:23.8,14.4,74.0,WARNING
10:24.5,15.6,74.2,WARNING
10:24.5,15.6,74.2,WARNING
10:28.1,12.5,73.4,WARNING
10:28.1,12.5,73.4,WARNING
10:29.5,11.5,73.5,WARNING
10:29.5,11.5,73.5,WARNING
10:30.1,12.1,73.5,WARNING
10:30.2,12.1,73.5,WARNING
10:34.5,16.1,74.1,WARNING
10:34.5,16.1,74.1,WARNING
10:39.5,3.9,73.2,WARNING
10:39.5,3.9,73.2,WARNING
10:44.5,10.3,73.1,WARNING
10:44.5,10.3,73.1,WARNING
10:49.5,11.1,73.4,WARNING
10:49.5,11.1,73.4,WARNING
10:54.6,24.8,72.0,WARNING
10:54.9,24.8,72.0,WARNING
10:59.6,9.7,72.0,WARNING
10:59.8,9.7,72.0,WARNING
11:04.5,5.8,71.9,WARNING
11:04.5,5.8,71.9,WARNING
11:09.5,8.9,71.6,WARNING
11:09.5,8.9,71.6,WARNING
11:14.5,14.2,72.0,WARNING
11:14.5,14.2,72.0,WARNING
11:19.5,7.4,72.0,WARNING
11:19.5,7.4,72.0,WARNING
11:24.5,8.5,72.5,WARNING
11:24.5,8.5,72.5,WARNING
11:29.5,6.2,72.3,WARNING
11:29.5,6.2,72.3,WARNING
11:29.5,6.3,72.3,WARNING
11:29.5,6.3,72.3,WARNING
11:31.2,13.6,72.3,WARNING
11:31.3,13.6,72.3,WARNING
11:32.7,13.7,72.4,WARNING
11:32.8,13.7,72.4,WARNING
11:34.0,7.1,72.4,WARNING
11:34.1,7.1,72.4,WARNING
11:34.5,7.0,72.4,WARNING
11:34.5,7.0,72.4,WARNING
11:35.3,20.9,71.9,WARNING
11:35.4,20.9,71.9,WARNING
11:37.5,7.5,71.8,WARNING
11:37.6,7.5,71.8,WARNING
11:39.2,6.5,71.9,WARNING
11:39.2,6.5,71.9,WARNING
11:39.5,9.4,72.2,WARNING
11:39.5,9.4,72.2,WARNING
11:44.5,5.1,72.2,WARNING
11:44.5,5.1,72.2,WARNING
11:49.5,2.7,72.0,WARNING
11:49.5,2.7,72.0,WARNING
11:54.5,4.5,72.1,WARNING
11:54.5,4.5,72.1,WARNING
11:59.5,2.2,71.9,WARNING
11:59.5,2.2,71.9,WARNING
12:04.5,4.8,72.1,WARNING
12:04.5,4.8,72.1,WARNING
12:09.5,3.6,71.9,WARNING
12:09.5,3.6,71.9,WARNING
12:14.5,6.9,71.9,WARNING
12:14.5,6.9,71.9,WARNING
12:19.5,5.8,72.0,WARNING
12:19.5,5.8,72.0,WARNING
12:24.5,9.3,72.3,WARNING
12:24.5,9.3,72.3,WARNING
12:29.5,6.7,72.1,WARNING
12:29.5,6.7,72.1,WARNING
12:34.5,8.6,72.8,WARNING
12:34.5,8.6,72.8,WARNING
12:39.5,2.0,72.4,WARNING
12:39.5,2.0,72.4,WARNING
12:44.5,14.5,72.6,WARNING
12:44.5,14.5,72.6,WARNING
12:49.5,8.4,72.0,WARNING
12:49.5,8.4,72.0,WARNING
12:54.5,10.0,72.2,WARNING
12:54.5,10.0,72.2,WARNING
12:59.5,9.7,72.4,WARNING
12:59.5,9.7,72.4,WARNING
13:04.5,8.3,72.3,WARNING
13:04.5,8.3,72.3,WARNING
13:09.5,10.6,72.1,WARNING
13:09.5,10.6,72.1,WARNING
13:14.5,9.0,72.2,WARNING
13:14.5,9.0,72.2,WARNING
13:19.5,7.9,72.0,WARNING
13:19.5,7.9,72.0,WARNING
13:24.5,5.4,72.0,WARNING
13:24.5,5.4,72.0,WARNING
13:44.6,15.1,87.8,CRITICAL
13:44.7,15.1,87.8,CRITICAL
13:49.6,13.0,87.8,CRITICAL
13:49.6,13.0,87.8,CRITICAL
13:54.6,15.0,88.4,CRITICAL
13:54.7,15.0,88.4,CRITICAL
13:59.6,8.5,88.4,CRITICAL
13:59.7,8.5,88.4,CRITICAL
14:04.6,10.4,88.2,CRITICAL
14:04.7,10.4,88.2,CRITICAL
14:09.6,12.5,88.3,CRITICAL
14:09.7,12.5,88.3,CRITICAL
14:14.6,12.7,88.4,CRITICAL
14:14.7,12.7,88.4,CRITICAL
14:19.6,9.9,88.4,CRITICAL
14:19.7,9.9,88.4,CRITICAL
14:24.6,14.2,88.4,CRITICAL
14:24.7,14.2,88.4,CRITICAL
14:29.6,12.8,88.5,CRITICAL
14:29.7,12.8,88.5,CRITICAL
14:34.6,14.9,88.4,CRITICAL
14:34.7,14.9,88.4,CRITICAL
14:39.6,25.1,88.9,CRITICAL
14:39.6,25.1,88.9,CRITICAL
14:40.4,19.1,89.0,CRITICAL
14:40.4,19.1,89.0,CRITICAL
14:44.6,22.2,88.6,CRITICAL
14:44.6,22.2,88.6,CRITICAL
14:49.6,21.7,88.6,CRITICAL
14:49.7,21.7,88.6,CRITICAL
14:54.6,17.8,88.7,CRITICAL
14:54.7,17.8,88.7,CRITICAL
14:59.6,16.7,88.7,CRITICAL
14:59.7,16.7,88.7,CRITICAL
15:04.7,21.3,88.7,CRITICAL
15:04.7,21.3,88.7,CRITICAL
15:09.6,13.1,88.7,CRITICAL
15:09.7,13.1,88.7,CRITICAL
15:14.6,13.0,88.7,CRITICAL
15:14.6,13.0,88.7,CRITICAL
15:19.6,10.2,88.8,CRITICAL
15:19.6,10.2,88.8,CRITICAL
15:24.6,9.0,89.1,CRITICAL
15:24.7,9.0,89.1,CRITICAL
15:29.6,12.3,84.4,WARNING
15:29.6,12.3,84.4,WARNING
15:34.6,11.7,84.7,WARNING
15:34.6,11.7,84.7,WARNING
15:39.6,10.6,84.8,WARNING
15:39.6,10.6,84.8,WARNING
15:44.6,11.7,84.5,WARNING
15:44.6,11.7,84.5,WARNING
15:49.6,8.3,83.0,WARNING
15:49.6,8.3,83.0,WARNING
15:54.6,5.8,82.9,WARNING
15:54.6,5.8,82.9,WARNING
15:59.6,7.5,83.0,WARNING
15:59.6,7.5,83.0,WARNING
16:04.6,10.0,82.9,WARNING
16:04.7,10.0,82.9,WARNING
16:09.6,9.3,82.8,WARNING
16:09.6,9.3,82.8,WARNING
16:14.6,15.8,82.8,WARNING
16:14.7,15.8,82.8,WARNING
16:19.6,13.2,82.8,WARNING
16:19.6,13.2,82.8,WARNING
16:24.6,15.0,82.8,WARNING
16:24.6,15.0,82.8,WARNING
16:29.6,8.1,82.9,WARNING
16:29.6,8.1,82.9,WARNING
16:34.6,12.7,82.9,WARNING
16:34.6,12.7,82.9,WARNING
16:39.6,12.7,83.3,WARNING
16:39.6,12.7,83.3,WARNING
16:44.6,11.6,83.2,WARNING
16:44.6,11.6,83.2,WARNING
16:49.6,29.4,84.3,WARNING
16:49.6,29.4,84.3,WARNING
16:54.6,4.0,84.6,WARNING
16:54.6,4.0,84.6,WARNING
16:59.6,12.8,84.5,WARNING
16:59.6,12.8,84.5,WARNING
17:04.6,10.0,84.3,WARNING
17:04.6,10.0,84.3,WARNING
17:09.6,10.8,84.2,WARNING
17:09.6,10.8,84.2,WARNING
17:14.6,16.0,84.6,WARNING
17:14.6,16.0,84.6,WARNING
17:19.6,10.1,84.7,WARNING
17:19.6,10.1,84.7,WARNING
17:24.6,24.4,84.3,WARNING
17:24.7,24.4,84.3,WARNING
17:29.6,24.1,84.3,WARNING
17:29.6,24.1,84.3,WARNING
17:34.6,13.2,84.1,WARNING
17:34.6,13.2,84.1,WARNING
17:39.6,15.5,84.0,WARNING
17:39.6,15.5,84.0,WARNING
17:44.6,17.2,83.9,WARNING
17:44.6,17.2,83.9,WARNING
17:49.6,10.3,84.0,WARNING
17:49.6,10.3,84.0,WARNING
17:54.6,4.6,84.0,WARNING
17:54.6,4.6,84.0,WARNING
17:59.6,11.3,83.9,WARNING
17:59.6,11.3,83.9,WARNING
18:04.6,13.1,84.1,WARNING
18:04.6,13.1,84.1,WARNING
18:09.6,16.0,84.6,WARNING
18:09.6,16.0,84.6,WARNING
18:14.6,17.1,84.7,WARNING
18:14.6,17.1,84.7,WARNING
18:19.6,11.3,84.7,WARNING
18:19.6,11.3,84.7,WARNING
18:24.6,13.8,85.0,WARNING
18:24.6,13.8,85.0,WARNING
18:29.6,11.9,85.4,CRITICAL
18:29.6,11.9,85.4,CRITICAL
18:34.6,11.7,86.1,CRITICAL
18:34.6,11.7,86.1,CRITICAL
18:39.6,8.3,86.1,CRITICAL
18:39.6,8.3,86.1,CRITICAL
18:44.6,19.7,84.2,WARNING
18:44.6,19.7,84.2,WARNING
18:49.6,11.4,84.0,WARNING
18:49.6,11.4,84.0,WARNING
18:54.6,11.8,83.8,WARNING
18:54.6,11.8,83.8,WARNING
18:59.6,15.4,84.0,WARNING
18:59.6,15.4,84.0,WARNING
19:04.6,10.9,83.9,WARNING
19:04.6,10.9,83.9,WARNING
19:09.6,5.9,83.8,WARNING
19:09.6,5.9,83.8,WARNING
19:14.6,8.9,83.8,WARNING
19:14.6,8.9,83.8,WARNING
19:19.6,6.9,83.8,WARNING
19:19.6,6.9,83.8,WARNING
19:24.6,13.9,83.8,WARNING
19:24.6,13.9,83.8,WARNING
19:29.6,14.0,84.4,WARNING
19:29.6,14.0,84.4,WARNING
19:34.6,9.0,84.2,WARNING
19:34.6,9.0,84.2,WARNING
19:39.6,7.9,84.2,WARNING
19:39.6,7.9,84.2,WARNING
19:44.6,5.1,84.1,WARNING
19:44.6,5.1,84.1,WARNING
19:49.6,12.0,84.2,WARNING
19:49.7,12.0,84.2,WARNING
19:54.6,13.1,84.1,WARNING
19:54.6,13.1,84.1,WARNING
19:59.6,9.5,84.1,WARNING
19:59.6,9.5,84.1,WARNING
20:04.6,5.5,83.5,WARNING
20:04.6,5.5,83.5,WARNING
20:09.6,12.6,83.6,WARNING
20:09.6,12.6,83.6,WARNING
20:14.6,37.8,84.2,WARNING
20:14.6,37.8,84.2,WARNING
20:19.6,14.3,84.2,WARNING
20:19.6,14.3,84.2,WARNING
20:24.6,16.5,83.6,WARNING
20:24.6,16.5,83.6,WARNING
20:29.6,8.0,83.6,WARNING
20:29.6,8.0,83.6,WARNING
20:34.6,10.4,83.6,WARNING
20:34.6,10.4,83.6,WARNING
20:39.6,14.3,83.5,WARNING
20:39.6,14.3,83.5,WARNING
20:44.6,9.1,83.4,WARNING
20:44.6,9.1,83.4,WARNING
20:49.6,11.2,83.4,WARNING
20:49.6,11.2,83.4,WARNING
20:54.6,13.2,83.4,WARNING
20:54.6,13.2,83.4,WARNING
20:59.6,8.6,83.4,WARNING
20:59.6,8.6,83.4,WARNING
21:04.6,13.2,83.4,WARNING
21:04.6,13.2,83.4,WARNING
21:09.6,12.2,83.2,WARNING
21:09.6,12.2,83.2,WARNING
21:14.6,7.6,83.2,WARNING
21:14.6,7.6,83.2,WARNING
21:19.6,10.3,83.2,WARNING
21:19.6,10.3,83.2,WARNING
21:24.6,4.9,83.2,WARNING
21:24.6,4.9,83.2,WARNING
21:29.6,12.4,83.3,WARNING
21:29.6,12.4,83.3,WARNING
21:34.6,14.1,83.4,WARNING
21:34.6,14.1,83.4,WARNING
21:39.6,14.2,83.2,WARNING
21:39.6,14.2,83.2,WARNING
21:44.6,18.0,83.2,WARNING
21:44.6,18.0,83.2,WARNING
21:49.6,13.3,83.2,WARNING
21:49.6,13.3,83.2,WARNING
21:54.6,7.2,83.2,WARNING
21:54.6,7.2,83.2,WARNING
21:59.6,12.4,83.2,WARNING
21:59.6,12.4,83.2,WARNING
22:04.6,7.2,83.2,WARNING
22:04.6,7.2,83.2,WARNING
22:09.6,6.5,83.2,WARNING
22:09.6,6.5,83.2,WARNING
22:14.6,18.4,83.2,WARNING
22:14.6,18.4,83.2,WARNING
22:19.6,18.9,82.3,WARNING
22:19.6,18.9,82.3,WARNING
22:24.6,18.2,81.2,WARNING
22:24.6,18.2,81.2,WARNING
22:29.6,7.3,81.3,WARNING
22:29.6,7.3,81.3,WARNING
24:04.6,6.7,76.7,WARNING
24:04.8,6.7,76.7,WARNING
24:09.6,12.3,76.7,WARNING
24:10.8,12.3,76.7,WARNING
24:14.6,15.2,76.6,WARNING
24:14.9,15.2,76.6,WARNING
24:19.3,13.7,76.7,WARNING
24:19.5,13.7,76.7,WARNING
24:19.6,10.7,76.8,WARNING
24:19.9,10.7,76.8,WARNING
24:24.6,16.1,76.7,WARNING
24:24.8,16.1,76.7,WARNING
24:29.6,12.0,76.5,WARNING
24:29.8,12.0,76.5,WARNING
24:34.6,11.6,76.7,WARNING
24:34.9,11.6,76.7,WARNING
24:39.6,10.1,76.6,WARNING
24:39.9,10.1,76.6,WARNING
24:44.6,6.4,76.4,WARNING
24:44.9,6.4,76.4,WARNING
24:49.6,12.9,76.2,WARNING
24:49.9,12.9,76.2,WARNING
24:54.6,16.4,76.3,WARNING
24:54.8,16.4,76.3,WARNING
24:59.6,22.6,76.3,WARNING
24:59.9,22.6,76.3,WARNING
25:04.6,24.7,76.7,WARNING
25:04.9,24.7,76.7,WARNING
25:09.6,12.4,76.9,WARNING
25:09.8,12.4,76.9,WARNING
25:14.6,8.8,76.3,WARNING
25:14.8,8.8,76.3,WARNING
25:19.6,10.8,76.1,WARNING
25:19.9,10.8,76.1,WARNING
25:24.6,19.0,75.9,WARNING
25:24.8,19.0,75.9,WARNING
25:29.6,23.1,77.0,WARNING
25:29.8,23.1,77.0,WARNING
25:34.6,27.6,77.4,WARNING
25:34.9,27.6,77.4,WARNING
25:39.6,19.9,77.2,WARNING
25:39.8,19.9,77.2,WARNING
25:44.6,18.3,77.4,WARNING
25:44.8,18.3,77.4,WARNING
25:49.6,18.5,77.8,WARNING
25:49.8,18.5,77.8,WARNING
25:54.6,36.9,78.3,WARNING
25:54.8,36.9,78.3,WARNING
25:59.6,26.0,77.9,WARNING
25:59.8,26.0,77.9,WARNING
26:04.6,25.4,78.3,WARNING
26:04.8,25.4,78.3,WARNING
26:09.6,26.4,78.5,WARNING
26:09.8,26.4,78.5,WARNING
26:14.6,14.4,78.8,WARNING
26:14.8,14.4,78.8,WARNING
26:19.6,5.5,78.8,WARNING
26:19.9,5.5,78.8,WARNING
26:24.6,26.2,78.1,WARNING
26:24.8,26.2,78.1,WARNING
26:29.6,17.4,77.4,WARNING
26:29.8,17.4,77.4,WARNING
26:34.6,11.9,77.5,WARNING
26:34.8,11.9,77.5,WARNING
26:39.6,7.3,77.5,WARNING
26:39.8,7.3,77.5,WARNING
26:44.6,10.1,77.5,WARNING
26:44.8,10.1,77.5,WARNING
26:49.6,6.1,77.4,WARNING
26:49.9,6.1,77.4,WARNING
26:54.6,10.8,77.4,WARNING
26:54.8,10.8,77.4,WARNING
26:59.6,13.4,77.0,WARNING
26:59.8,13.4,77.0,WARNING
27:04.6,6.1,76.9,WARNING
27:04.8,6.1,76.9,WARNING
27:09.6,15.3,76.9,WARNING
27:09.9,15.3,76.9,WARNING
27:14.6,15.6,76.9,WARNING
27:14.8,15.6,76.9,WARNING
27:19.6,8.5,76.8,WARNING
27:19.8,8.5,76.8,WARNING
27:24.6,13.5,76.9,WARNING
27:24.8,13.5,76.9,WARNING
27:29.6,11.7,77.3,WARNING
27:29.8,11.7,77.3,WARNING
27:34.6,9.1,77.4,WARNING
27:34.8,9.1,77.4,WARNING
27:39.6,5.0,77.4,WARNING
27:39.9,5.0,77.4,WARNING
27:44.6,4.0,77.4,WARNING
27:44.9,4.0,77.4,WARNING
27:49.6,12.3,77.5,WARNING
27:49.8,12.3,77.5,WARNING
27:54.6,9.7,77.5,WARNING
27:54.9,9.7,77.5,WARNING
27:59.6,8.5,77.5,WARNING
27:59.8,8.5,77.5,WARNING
28:04.6,11.9,77.5,WARNING
28:04.8,11.9,77.5,WARNING
28:09.5,8.6,77.5,WARNING
28:09.8,8.6,77.5,WARNING
28:14.6,8.2,77.5,WARNING
28:14.8,8.2,77.5,WARNING
28:19.5,11.3,77.5,WARNING
28:19.8,11.3,77.5,WARNING
28:24.6,23.4,77.9,WARNING
28:24.8,23.4,77.9,WARNING
28:29.5,8.0,78.1,WARNING
28:29.8,8.0,78.1,WARNING
28:34.5,8.8,78.1,WARNING
28:34.8,8.8,78.1,WARNING
28:39.6,13.0,78.0,WARNING
28:39.9,13.0,78.0,WARNING
28:44.6,60.3,81.3,WARNING
28:44.9,60.3,81.3,WARNING
28:49.5,55.8,87.3,CRITICAL
28:49.9,55.8,87.3,CRITICAL
28:56.8,27.6,90.0,CRITICAL
28:57.2,27.6,90.0,CRITICAL
28:59.6,12.6,89.9,CRITICAL
28:59.8,12.6,89.9,CRITICAL
29:04.6,12.7,89.7,CRITICAL
29:04.9,12.7,89.7,CRITICAL
29:09.6,6.3,89.3,CRITICAL
29:09.8,6.3,89.3,CRITICAL
29:14.6,23.2,88.1,CRITICAL
29:14.8,23.2,88.1,CRITICAL
29:19.5,32.1,88.4,CRITICAL
29:19.8,32.1,88.4,CRITICAL
29:24.5,17.8,88.1,CRITICAL
29:24.9,17.8,88.1,CRITICAL
29:29.5,20.5,87.9,CRITICAL
29:29.8,20.5,87.9,CRITICAL
29:34.5,10.5,87.9,CRITICAL
29:34.8,10.5,87.9,CRITICAL
29:39.6,24.8,88.0,CRITICAL
29:44.6,16.6,88.4,CRITICAL
29:44.8,16.6,88.4,CRITICAL
29:50.8,20.7,89.3,CRITICAL
29:51.1,20.7,89.3,CRITICAL
29:54.6,40.0,88.7,CRITICAL
29:54.9,40.0,88.7,CRITICAL
30:09.5,22.6,88.5,CRITICAL
30:09.7,22.6,88.5,CRITICAL
30:14.5,39.9,89.0,CRITICAL
30:14.7,39.9,89.0,CRITICAL
30:19.5,31.1,87.7,CRITICAL
30:19.8,31.1,87.7,CRITICAL
30:24.5,27.7,87.5,CRITICAL
30:24.8,27.7,87.5,CRITICAL
30:25.8,33.4,87.6,CRITICAL
30:26.1,33.4,87.6,CRITICAL
30:29.5,26.8,87.6,CRITICAL
30:29.6,25.5,87.6,CRITICAL
30:29.9,26.8,87.6,CRITICAL
30:30.0,25.5,87.6,CRITICAL
30:34.2,18.0,87.4,CRITICAL
30:34.5,18.0,87.4,CRITICAL
30:34.5,20.8,87.4,CRITICAL
30:34.8,20.8,87.4,CRITICAL
30:38.1,15.6,87.8,CRITICAL
30:38.3,15.6,87.8,CRITICAL
30:39.5,18.2,87.8,CRITICAL
30:39.8,18.2,87.8,CRITICAL
30:41.4,22.0,87.8,CRITICAL
30:41.7,22.0,87.8,CRITICAL
30:44.5,19.1,87.7,CRITICAL
30:44.8,19.1,87.7,CRITICAL
30:45.0,17.9,87.8,CRITICAL
30:45.3,17.9,87.8,CRITICAL
30:48.4,21.9,88.3,CRITICAL
30:48.7,21.9,88.3,CRITICAL
30:49.5,24.8,88.3,CRITICAL
30:49.8,24.8,88.3,CRITICAL
30:52.7,24.8,88.6,CRITICAL
30:53.0,24.8,88.6,CRITICAL
30:54.5,28.0,88.7,CRITICAL
30:54.8,28.0,88.7,CRITICAL
30:59.5,18.9,88.7,CRITICAL
30:59.8,18.9,88.7,CRITICAL
31:04.5,12.8,88.5,CRITICAL
31:04.9,12.8,88.5,CRITICAL
31:09.5,14.5,88.4,CRITICAL
31:09.8,14.5,88.4,CRITICAL
31:14.5,20.4,87.8,CRITICAL
31:14.8,20.4,87.8,CRITICAL
31:19.5,20.1,87.1,CRITICAL
31:19.9,20.1,87.1,CRITICAL
31:24.5,18.4,86.9,CRITICAL
31:24.8,18.4,86.9,CRITICAL
31:29.5,13.6,86.8,CRITICAL
31:29.8,13.6,86.8,CRITICAL
31:34.5,11.4,87.0,CRITICAL
31:34.9,11.4,87.0,CRITICAL
31:39.5,10.0,87.2,CRITICAL
31:39.8,10.0,87.2,CRITICAL
31:44.5,9.1,87.1,CRITICAL
31:44.8,9.1,87.1,CRITICAL
31:49.5,12.7,87.0,CRITICAL
31:49.9,12.7,87.0,CRITICAL
31:54.5,13.1,87.8,CRITICAL
31:54.8,13.1,87.8,CRITICAL
31:59.5,22.6,87.9,CRITICAL
31:59.8,22.6,87.9,CRITICAL
32:04.5,12.2,87.9,CRITICAL
32:04.8,12.2,87.9,CRITICAL
32:09.5,13.6,88.3,CRITICAL
32:09.8,13.6,88.3,CRITICAL
32:14.5,8.8,88.9,CRITICAL
32:14.8,8.8,88.9,CRITICAL
32:19.5,12.7,88.9,CRITICAL
32:19.8,12.7,88.9,CRITICAL
32:24.5,9.5,88.9,CRITICAL
32:24.8,9.5,88.9,CRITICAL
32:29.5,11.3,87.1,CRITICAL
32:29.8,11.3,87.1,CRITICAL
32:34.5,5.1,87.0,CRITICAL
32:34.8,5.1,87.0,CRITICAL
32:39.5,10.9,87.0,CRITICAL
32:39.8,10.9,87.0,CRITICAL
32:44.5,16.7,86.9,CRITICAL
32:44.8,16.7,86.9,CRITICAL
32:49.5,13.7,86.9,CRITICAL
32:49.8,13.7,86.9,CRITICAL
32:54.5,9.3,86.9,CRITICAL
32:54.8,9.3,86.9,CRITICAL
32:59.5,7.4,86.8,CRITICAL
32:59.8,7.4,86.8,CRITICAL
33:04.5,9.3,86.8,CRITICAL
33:04.9,9.3,86.8,CRITICAL
33:09.5,10.1,86.6,CRITICAL
33:09.8,10.1,86.6,CRITICAL
33:14.5,9.9,86.5,CRITICAL
33:14.8,9.9,86.5,CRITICAL
33:19.5,12.5,86.5,CRITICAL
33:19.8,12.5,86.5,CRITICAL
33:24.6,9.5,86.6,CRITICAL
33:24.9,9.5,86.6,CRITICAL
33:29.5,13.8,86.7,CRITICAL
33:29.8,13.8,86.7,CRITICAL
33:34.5,7.2,86.7,CRITICAL
33:34.8,7.2,86.7,CRITICAL
33:39.5,9.4,86.7,CRITICAL
33:39.7,9.4,86.7,CRITICAL
33:44.5,17.9,86.7,CRITICAL
33:44.8,17.9,86.7,CRITICAL
33:49.5,13.9,86.9,CRITICAL
33:49.8,13.9,86.9,CRITICAL
33:54.5,23.6,86.9,CRITICAL
33:54.7,23.6,86.9,CRITICAL
33:59.5,16.6,86.9,CRITICAL
33:59.8,16.6,86.9,CRITICAL
34:04.5,29.9,87.0,CRITICAL
34:04.8,29.9,87.0,CRITICAL
34:09.5,19.8,87.1,CRITICAL
34:09.8,19.8,87.1,CRITICAL
34:14.5,9.8,86.8,CRITICAL
34:14.9,9.8,86.8,CRITICAL
34:19.5,11.9,86.9,CRITICAL
34:19.8,11.9,86.9,CRITICAL
34:24.5,14.9,87.0,CRITICAL
34:24.8,14.9,87.0,CRITICAL
34:29.5,14.2,87.1,CRITICAL
34:29.8,14.2,87.1,CRITICAL
34:34.5,9.9,87.0,CRITICAL
34:34.8,9.9,87.0,CRITICAL
34:39.5,10.6,87.0,CRITICAL
34:39.8,10.6,87.0,CRITICAL
34:44.5,15.4,86.9,CRITICAL
34:44.8,15.4,86.9,CRITICAL
34:49.5,16.7,87.0,CRITICAL
34:49.8,16.7,87.0,CRITICAL
34:54.5,9.8,87.0,CRITICAL
34:54.8,9.8,87.0,CRITICAL
34:59.5,13.2,87.0,CRITICAL
34:59.8,13.2,87.0,CRITICAL
35:04.5,5.9,87.0,CRITICAL
35:04.9,5.9,87.0,CRITICAL
35:09.6,16.7,84.8,WARNING
35:09.8,16.7,84.8,WARNING
35:14.5,8.7,84.9,WARNING
35:14.8,8.7,84.9,WARNING
35:19.5,24.1,84.8,WARNING
35:19.8,24.1,84.8,WARNING
35:24.5,11.8,84.9,WARNING
35:24.8,11.8,84.9,WARNING
35:29.5,17.8,85.0,WARNING
35:29.8,17.8,85.0,WARNING
35:34.5,10.2,85.0,WARNING
35:34.8,10.2,85.0,WARNING
35:39.5,15.9,85.0,WARNING
35:39.8,15.9,85.0,WARNING
35:44.5,15.2,85.0,WARNING
35:44.7,15.2,85.0,WARNING
35:49.5,13.3,84.9,WARNING
35:49.8,13.3,84.9,WARNING
35:54.5,29.4,85.4,CRITICAL
35:54.8,29.4,85.4,CRITICAL
35:59.5,29.9,85.6,CRITICAL
35:59.8,29.9,85.6,CRITICAL
36:04.5,13.8,85.7,CRITICAL
36:04.8,13.8,85.7,CRITICAL
36:09.5,22.5,85.8,CRITICAL
36:09.8,22.5,85.8,CRITICAL
36:14.5,20.9,85.7,CRITICAL
36:14.8,20.9,85.7,CRITICAL
36:19.5,34.0,85.8,CRITICAL
36:19.8,34.0,85.8,CRITICAL
36:24.5,24.5,85.8,CRITICAL
36:24.8,24.5,85.8,CRITICAL
36:29.5,19.0,85.9,CRITICAL
36:29.8,19.0,85.9,CRITICAL
36:34.5,22.5,85.7,CRITICAL
36:34.8,22.5,85.7,CRITICAL
36:39.5,28.1,85.8,CRITICAL
36:39.8,28.1,85.8,CRITICAL
36:44.5,26.7,85.8,CRITICAL
36:44.8,26.7,85.8,CRITICAL
36:49.5,42.8,86.6,CRITICAL
36:49.9,42.8,86.6,CRITICAL
36:54.5,40.2,85.6,CRITICAL
36:54.8,40.2,85.6,CRITICAL
36:59.5,27.0,86.9,CRITICAL
36:59.8,27.0,86.9,CRITICAL
37:04.5,27.9,87.1,CRITICAL
37:04.8,27.9,87.1,CRITICAL
37:09.5,17.2,87.0,CRITICAL
37:09.8,17.2,87.0,CRITICAL
37:14.5,20.4,86.7,CRITICAL
37:14.8,20.4,86.7,CRITICAL
37:19.5,21.6,86.9,CRITICAL
37:19.8,21.6,86.9,CRITICAL
37:24.5,9.8,86.7,CRITICAL
37:24.8,9.8,86.7,CRITICAL
37:29.5,25.9,87.7,CRITICAL
37:29.7,25.9,87.7,CRITICAL
37:34.5,12.1,87.1,CRITICAL
37:34.8,12.1,87.1,CRITICAL
37:39.5,18.2,87.2,CRITICAL
37:39.8,18.2,87.2,CRITICAL
37:44.5,29.7,87.5,CRITICAL
37:44.8,29.7,87.5,CRITICAL
37:49.5,23.3,88.2,CRITICAL
37:49.8,23.3,88.2,CRITICAL
37:54.5,26.8,87.3,CRITICAL
37:54.9,26.8,87.3,CRITICAL
37:59.5,22.1,87.4,CRITICAL
37:59.8,22.1,87.4,CRITICAL
38:04.5,14.8,86.9,CRITICAL
38:04.8,14.8,86.9,CRITICAL
38:09.5,19.0,87.8,CRITICAL
38:09.8,19.0,87.8,CRITICAL
38:14.6,20.0,87.6,CRITICAL
38:14.8,20.0,87.6,CRITICAL
38:19.5,24.5,87.8,CRITICAL
38:19.8,24.5,87.8,CRITICAL
38:24.5,16.7,87.9,CRITICAL
38:24.8,16.7,87.9,CRITICAL
38:29.5,17.8,88.1,CRITICAL
38:29.8,17.8,88.1,CRITICAL
38:34.5,15.6,88.0,CRITICAL
38:34.8,15.6,88.0,CRITICAL
38:39.5,13.8,88.7,CRITICAL
38:39.8,13.8,88.7,CRITICAL
38:44.5,20.1,86.5,CRITICAL
38:44.8,20.1,86.5,CRITICAL
38:49.5,9.4,86.7,CRITICAL
38:49.8,9.4,86.7,CRITICAL
38:54.5,10.7,87.7,CRITICAL
38:54.8,10.7,87.7,CRITICAL
38:59.5,27.8,87.9,CRITICAL
38:59.8,27.8,87.9,CRITICAL
39:04.5,17.8,87.8,CRITICAL
39:04.7,17.8,87.8,CRITICAL
39:09.5,12.4,87.7,CRITICAL
39:09.8,12.4,87.7,CRITICAL
39:14.5,29.3,87.8,CRITICAL
39:14.8,29.3,87.8,CRITICAL
39:19.5,16.8,88.2,CRITICAL
39:19.8,16.8,88.2,CRITICAL
39:24.5,13.5,87.9,CRITICAL
39:24.8,13.5,87.9,CRITICAL
39:29.5,7.8,86.3,CRITICAL
39:29.8,7.8,86.3,CRITICAL
39:34.5,6.7,85.9,CRITICAL
39:34.8,6.7,85.9,CRITICAL
39:39.5,9.4,86.1,CRITICAL
39:39.8,9.4,86.1,CRITICAL
39:44.5,9.1,86.4,CRITICAL
39:44.8,9.1,86.4,CRITICAL
39:49.5,5.9,86.4,CRITICAL
39:49.7,5.9,86.4,CRITICAL
39:54.5,8.0,86.0,CRITICAL
39:54.8,8.0,86.0,CRITICAL
39:59.5,11.1,85.7,CRITICAL
39:59.8,11.1,85.7,CRITICAL
40:04.5,7.5,85.6,CRITICAL
40:04.8,7.5,85.6,CRITICAL
40:09.5,24.5,84.4,WARNING
40:09.7,24.5,84.4,WARNING
40:14.5,27.5,83.9,WARNING
40:14.8,27.5,83.9,WARNING
40:19.5,14.4,83.8,WARNING
40:19.8,14.4,83.8,WARNING
40:24.5,11.6,82.9,WARNING
40:24.7,11.6,82.9,WARNING
40:29.5,9.0,83.1,WARNING
40:29.8,9.0,83.1,WARNING
40:34.5,7.4,82.9,WARNING
40:34.8,7.4,82.9,WARNING
40:39.5,10.2,83.0,WARNING
40:39.8,10.2,83.0,WARNING
40:44.5,8.6,82.9,WARNING
40:44.8,8.6,82.9,WARNING
40:49.5,7.7,83.1,WARNING
40:49.8,7.7,83.1,WARNING
40:54.5,11.0,82.9,WARNING
40:54.7,11.0,82.9,WARNING
40:59.5,5.2,83.1,WARNING
40:59.8,5.2,83.1,WARNING
41:04.5,8.1,82.9,WARNING
41:04.8,8.1,82.9,WARNING
41:09.5,10.2,83.1,WARNING
41:09.8,10.2,83.1,WARNING
41:14.5,12.8,83.5,WARNING
41:14.8,12.8,83.5,WARNING
41:19.5,12.3,83.7,WARNING
41:19.7,12.3,83.7,WARNING
41:24.5,13.0,83.3,WARNING
41:24.8,13.0,83.3,WARNING
41:29.5,18.6,83.5,WARNING
41:29.8,18.6,83.5,WARNING
41:34.5,13.7,83.4,WARNING
41:34.7,13.7,83.4,WARNING
41:39.5,10.9,83.5,WARNING
41:39.8,10.9,83.5,WARNING
41:44.5,7.9,83.2,WARNING
41:44.8,7.9,83.2,WARNING
41:49.5,7.9,83.4,WARNING
41:49.7,7.9,83.4,WARNING
41:54.5,12.4,83.2,WARNING
41:54.8,12.4,83.2,WARNING
41:59.5,12.6,83.4,WARNING
41:59.8,12.6,83.4,WARNING
42:04.5,11.2,83.2,WARNING
42:04.8,11.2,83.2,WARNING
42:09.5,10.7,83.4,WARNING
42:09.7,10.7,83.4,WARNING
42:14.5,12.2,83.3,WARNING
42:14.8,12.2,83.3,WARNING
42:19.5,16.3,83.4,WARNING
42:19.7,16.3,83.4,WARNING
42:24.5,10.0,83.2,WARNING
42:24.7,10.0,83.2,WARNING
42:29.5,8.5,83.5,WARNING
42:29.8,8.5,83.5,WARNING
42:34.5,16.6,83.4,WARNING
42:34.7,16.6,83.4,WARNING
42:39.5,16.8,83.2,WARNING
42:39.7,16.8,83.2,WARNING
42:44.5,16.1,83.2,WARNING
42:44.8,16.1,83.2,WARNING
42:49.5,17.5,84.1,WARNING
42:49.8,17.5,84.1,WARNING
42:54.5,17.0,84.0,WARNING
42:54.8,17.0,84.0,WARNING
42:59.5,25.2,84.6,WARNING
42:59.8,25.2,84.6,WARNING
43:04.5,10.7,85.7,CRITICAL
43:04.8,10.7,85.7,CRITICAL
43:09.5,13.8,86.4,CRITICAL
43:09.7,13.8,86.4,CRITICAL
43:14.5,8.0,85.8,CRITICAL
43:14.8,8.0,85.8,CRITICAL
43:19.5,9.1,86.1,CRITICAL
43:19.9,9.1,86.1,CRITICAL
43:24.5,14.6,84.8,WARNING
43:24.7,14.6,84.8,WARNING
43:29.5,11.5,85.0,WARNING
43:29.7,11.5,85.0,WARNING
43:34.5,20.8,85.7,CRITICAL
43:34.7,20.8,85.7,CRITICAL
43:39.5,12.8,86.0,CRITICAL
43:39.8,12.8,86.0,CRITICAL
43:44.5,15.5,85.8,CRITICAL
43:44.7,15.5,85.8,CRITICAL
43:49.5,16.0,84.4,WARNING
43:49.8,16.0,84.4,WARNING
43:54.5,12.9,84.4,WARNING
43:54.8,12.9,84.4,WARNING
43:59.5,5.8,84.7,WARNING
43:59.8,5.8,84.7,WARNING
44:04.5,18.9,84.3,WARNING
44:04.7,18.9,84.3,WARNING
44:09.5,22.8,84.6,WARNING
44:09.8,22.8,84.6,WARNING
44:14.5,16.6,85.0,WARNING
44:14.7,16.6,85.0,WARNING
44:19.5,13.7,85.7,CRITICAL
44:19.7,13.7,85.7,CRITICAL
44:24.5,18.0,85.2,CRITICAL
44:24.8,18.0,85.2,CRITICAL
44:29.5,17.3,86.4,CRITICAL
44:29.8,17.3,86.4,CRITICAL
44:34.5,24.3,86.0,CRITICAL
44:34.7,24.3,86.0,CRITICAL
44:39.5,26.2,85.9,CRITICAL
44:39.8,26.2,85.9,CRITICAL
44:44.5,14.1,85.5,CRITICAL
44:44.7,14.1,85.5,CRITICAL
44:49.5,12.2,85.4,CRITICAL
44:49.7,12.2,85.4,CRITICAL
44:54.5,13.0,85.0,WARNING
44:54.8,13.0,85.0,WARNING
44:59.5,13.5,85.0,WARNING
44:59.7,13.5,85.0,WARNING
45:04.5,14.6,84.7,WARNING
45:04.7,14.6,84.7,WARNING
45:09.5,12.1,84.8,WARNING
45:09.8,12.1,84.8,WARNING
45:14.5,11.9,83.8,WARNING
45:14.7,11.9,83.8,WARNING
45:19.5,5.8,83.9,WARNING
45:19.7,5.8,83.9,WARNING
45:24.5,12.4,83.8,WARNING
45:24.7,12.4,83.8,WARNING
45:29.5,14.5,83.9,WARNING
45:29.8,14.5,83.9,WARNING
45:34.5,16.3,83.7,WARNING
45:34.7,16.3,83.7,WARNING
45:39.5,4.4,83.8,WARNING
45:39.7,4.4,83.8,WARNING
45:44.5,11.7,83.8,WARNING
45:44.7,11.7,83.8,WARNING
45:49.5,9.6,83.9,WARNING
45:49.8,9.6,83.9,WARNING
45:54.5,7.8,83.9,WARNING
45:54.7,7.8,83.9,WARNING
45:59.5,6.5,84.0,WARNING
45:59.8,6.5,84.0,WARNING
46:04.5,8.8,84.0,WARNING
46:04.8,8.8,84.0,WARNING
46:09.5,7.7,84.1,WARNING
46:09.7,7.7,84.1,WARNING
46:14.5,10.2,83.7,WARNING
46:14.7,10.2,83.7,WARNING
46:19.5,5.4,83.9,WARNING
46:19.7,5.4,83.9,WARNING
46:24.5,4.4,83.6,WARNING
46:24.8,4.4,83.6,WARNING
46:29.5,8.8,83.9,WARNING
46:29.7,8.8,83.9,WARNING
46:34.5,9.6,83.7,WARNING
46:34.7,9.6,83.7,WARNING
46:39.5,17.5,83.9,WARNING
46:39.8,17.5,83.9,WARNING
46:44.5,11.8,83.7,WARNING
46:44.8,11.8,83.7,WARNING
46:49.5,17.2,83.8,WARNING
46:49.7,17.2,83.8,WARNING
46:54.5,10.4,83.6,WARNING
46:54.8,10.4,83.6,WARNING
46:59.5,18.2,84.8,WARNING
46:59.7,18.2,84.8,WARNING
47:04.5,5.3,85.4,CRITICAL
47:04.7,5.3,85.4,CRITICAL
47:09.5,13.7,85.3,CRITICAL
47:09.8,13.7,85.3,CRITICAL
47:14.5,9.6,85.3,CRITICAL
47:14.7,9.6,85.3,CRITICAL
47:19.5,18.2,85.1,CRITICAL
47:19.8,18.2,85.1,CRITICAL
47:24.5,7.0,84.9,WARNING
47:24.8,7.0,84.9,WARNING
47:29.5,5.4,85.0,WARNING
47:29.8,5.4,85.0,WARNING
47:34.5,8.6,83.7,WARNING
47:34.7,8.6,83.7,WARNING
47:39.5,9.5,83.8,WARNING
47:39.8,9.5,83.8,WARNING
47:44.5,8.6,83.7,WARNING
47:44.7,8.6,83.7,WARNING
47:49.5,13.3,83.7,WARNING
47:49.8,13.3,83.7,WARNING
47:54.5,16.7,83.6,WARNING
47:54.8,16.7,83.6,WARNING
47:59.5,14.9,83.9,WARNING
47:59.7,14.9,83.9,WARNING
48:04.5,13.0,83.8,WARNING
48:04.7,13.0,83.8,WARNING
48:09.5,7.4,83.9,WARNING
48:09.7,7.4,83.9,WARNING
48:14.5,14.8,84.1,WARNING
48:14.8,14.8,84.1,WARNING
48:19.5,10.1,84.2,WARNING
48:19.7,10.1,84.2,WARNING
48:24.5,15.9,83.7,WARNING
48:24.8,15.9,83.7,WARNING
48:29.5,11.7,83.6,WARNING
48:29.7,11.7,83.6,WARNING
48:34.5,23.4,83.5,WARNING
48:34.8,23.4,83.5,WARNING
48:39.5,12.0,83.6,WARNING
48:39.7,12.0,83.6,WARNING
48:44.5,14.7,83.4,WARNING
48:44.8,14.7,83.4,WARNING
48:49.4,17.1,83.6,WARNING
48:49.7,17.1,83.6,WARNING
48:54.5,6.0,83.4,WARNING
48:54.7,6.0,83.4,WARNING
48:59.5,11.8,83.3,WARNING
48:59.8,11.8,83.3,WARNING
49:04.5,8.6,83.2,WARNING
49:04.6,8.6,83.2,WARNING
49:09.4,17.8,83.9,WARNING
49:09.8,17.8,83.9,WARNING
49:14.5,21.1,83.9,WARNING
49:14.7,21.1,83.9,WARNING
49:19.5,19.9,84.3,WARNING
49:19.7,19.9,84.3,WARNING
49:24.4,12.9,84.5,WARNING
49:24.8,12.9,84.5,WARNING
49:29.4,18.8,85.0,WARNING
49:29.8,18.8,85.0,WARNING
49:34.4,14.7,85.0,WARNING
49:34.7,14.7,85.0,WARNING
49:39.4,14.7,85.4,CRITICAL
49:39.7,14.7,85.4,CRITICAL
49:44.4,10.8,85.3,CRITICAL
49:44.7,10.8,85.3,CRITICAL
49:49.4,12.4,85.5,CRITICAL
49:49.7,12.4,85.5,CRITICAL
49:54.4,20.2,85.8,CRITICAL
49:54.7,20.2,85.8,CRITICAL
49:59.4,15.5,84.5,WARNING
49:59.7,15.5,84.5,WARNING
50:04.5,12.3,83.9,WARNING
50:04.7,12.3,83.9,WARNING
50:09.4,10.3,83.8,WARNING
50:09.7,10.3,83.8,WARNING
50:14.4,31.5,84.8,WARNING
50:14.7,31.5,84.8,WARNING
50:19.4,11.5,83.5,WARNING
50:19.7,11.5,83.5,WARNING
50:24.4,22.3,84.4,WARNING
50:24.8,22.3,84.4,WARNING
50:29.4,15.6,84.6,WARNING
50:29.7,15.6,84.6,WARNING
50:34.4,13.6,84.5,WARNING
50:34.8,13.6,84.5,WARNING
50:39.4,22.1,85.1,CRITICAL
50:39.8,22.1,85.1,CRITICAL
50:44.4,8.1,84.8,WARNING
50:44.7,8.1,84.8,WARNING
50:49.4,15.2,84.6,WARNING
50:49.6,15.2,84.6,WARNING
50:54.4,18.7,84.5,WARNING
50:54.7,18.7,84.5,WARNING
51:04.4,15.0,84.6,WARNING
51:04.6,15.0,84.6,WARNING
51:09.4,18.7,84.8,WARNING
51:09.8,18.7,84.8,WARNING
51:16.9,17.3,84.6,WARNING
51:17.2,17.3,84.6,WARNING
51:19.4,11.2,84.7,WARNING
51:19.7,11.2,84.7,WARNING
51:24.4,7.1,84.3,WARNING
51:24.8,7.1,84.3,WARNING
51:29.4,21.0,84.5,WARNING
51:29.7,21.0,84.5,WARNING
51:34.4,7.8,84.3,WARNING
51:34.7,7.8,84.3,WARNING
51:39.4,17.7,84.5,WARNING
51:39.7,17.7,84.5,WARNING
51:44.4,14.4,84.5,WARNING
51:44.7,14.4,84.5,WARNING
51:49.5,31.9,84.7,WARNING
51:49.7,31.9,84.7,WARNING
51:54.4,17.5,84.7,WARNING
51:54.7,17.5,84.7,WARNING
51:59.4,16.6,84.7,WARNING
51:59.7,16.6,84.7,WARNING
52:04.4,8.7,84.5,WARNING
52:04.7,8.7,84.5,WARNING
52:09.4,18.2,84.7,WARNING
52:09.8,18.2,84.7,WARNING
52:14.5,10.2,84.8,WARNING
52:14.7,10.2,84.8,WARNING
52:19.4,17.4,85.0,WARNING
52:19.7,17.4,85.0,WARNING
52:24.4,10.9,85.0,WARNING
52:24.8,10.9,85.0,WARNING
52:29.4,13.5,84.8,WARNING
52:29.7,13.5,84.8,WARNING
52:34.4,14.5,83.9,WARNING
52:34.7,14.5,83.9,WARNING
57:24.4,6.2,82.4,WARNING
57:29.5,28.9,83.0,WARNING
57:34.4,6.8,82.9,WARNING
57:39.4,25.5,83.2,WARNING
57:39.5,26.6,83.2,WARNING
57:44.4,13.1,82.8,WARNING
57:49.4,22.4,83.2,WARNING
57:54.4,7.9,82.9,WARNING
57:59.4,17.0,82.9,WARNING
58:04.4,9.4,82.6,WARNING
58:09.4,29.1,83.6,WARNING
58:14.4,16.3,83.4,WARNING
58:19.4,26.9,83.6,WARNING
58:24.4,12.5,83.4,WARNING
58:29.4,32.0,83.1,WARNING
58:34.4,18.7,83.4,WARNING
58:39.4,30.4,83.6,WARNING
58:44.4,13.4,83.3,WARNING
58:49.4,28.2,83.0,WARNING
58:54.4,6.4,83.0,WARNING
58:59.4,15.5,83.0,WARNING
59:04.4,3.8,82.6,WARNING
59:09.4,30.2,82.8,WARNING
59:14.4,24.1,87.3,CRITICAL
59:19.4,47.0,90.6,CRITICAL
59:24.4,31.0,80.9,WARNING
59:29.4,25.5,81.5,WARNING
59:34.4,6.4,81.6,WARNING
59:39.4,24.2,82.7,WARNING
59:44.4,22.8,81.8,WARNING
59:49.4,40.7,80.5,WARNING
59:54.4,21.0,81.9,WARNING
59:59.4,30.9,82.0,WARNING
00:04.4,24.0,82.6,WARNING
00:09.4,26.5,83.4,WARNING
03:54.6,10.5,84.6,WARNING
03:59.6,24.0,84.9,WARNING
04:04.6,12.2,84.8,WARNING
04:09.6,28.4,85.1,CRITICAL
04:14.6,15.4,85.2,CRITICAL
04:19.6,25.1,86.1,CRITICAL
04:24.6,13.5,85.3,CRITICAL
04:29.6,26.1,85.5,CRITICAL
04:34.6,9.5,85.8,CRITICAL
04:39.6,18.7,85.9,CRITICAL
04:44.6,12.7,85.5,CRITICAL
04:49.6,30.5,86.3,CRITICAL
04:54.6,20.6,86.2,CRITICAL
04:59.6,35.6,86.4,CRITICAL
05:04.6,24.5,86.1,CRITICAL
05:09.6,29.0,86.3,CRITICAL
05:14.6,18.5,85.7,CRITICAL
05:19.6,25.3,85.7,CRITICAL
05:24.6,17.6,85.8,CRITICAL
05:29.6,29.0,86.1,CRITICAL
05:34.6,21.0,85.8,CRITICAL
05:39.6,26.0,86.1,CRITICAL
05:44.6,13.6,85.8,CRITICAL
05:49.6,22.8,86.0,CRITICAL
05:54.6,32.4,86.6,CRITICAL
05:59.6,20.2,86.8,CRITICAL
06:04.6,12.1,86.4,CRITICAL
06:09.6,44.5,86.9,CRITICAL
06:14.6,18.1,86.9,CRITICAL
06:19.6,20.4,87.1,CRITICAL
06:24.6,24.2,86.7,CRITICAL
06:29.6,33.1,86.7,CRITICAL
06:34.6,20.4,86.6,CRITICAL
06:39.6,23.2,86.7,CRITICAL
06:41.3,16.5,87.1,CRITICAL
06:44.6,11.2,86.5,CRITICAL
06:46.2,13.5,86.5,CRITICAL
06:49.6,21.7,86.4,CRITICAL
06:49.7,25.0,86.4,CRITICAL
06:54.6,10.7,86.1,CRITICAL
06:57.3,13.5,86.1,CRITICAL
06:59.6,17.8,86.4,CRITICAL
07:01.3,18.2,86.3,CRITICAL
07:04.7,22.2,86.2,CRITICAL
07:09.6,23.1,86.4,CRITICAL
07:14.6,20.2,86.2,CRITICAL
07:17.7,15.1,86.2,CRITICAL
07:19.6,24.9,86.4,CRITICAL
07:24.6,17.4,86.2,CRITICAL
07:26.4,14.7,85.9,CRITICAL
07:28.9,17.8,85.7,CRITICAL
07:29.6,29.5,86.1,CRITICAL
07:34.6,15.2,86.7,CRITICAL
07:39.6,26.1,86.8,CRITICAL
07:44.6,11.9,86.3,CRITICAL
07:49.6,24.5,86.3,CRITICAL
07:54.6,11.5,86.1,CRITICAL
07:59.6,20.7,86.5,CRITICAL
08:04.6,18.2,86.3,CRITICAL
08:09.6,21.7,86.6,CRITICAL
08:14.6,12.9,86.3,CRITICAL
08:19.6,14.7,86.2,CRITICAL
08:24.6,6.8,85.9,CRITICAL
08:29.6,16.0,86.3,CRITICAL
08:34.6,5.0,86.1,CRITICAL
08:39.6,24.1,86.1,CRITICAL
08:44.6,8.8,85.9,CRITICAL
08:49.6,18.9,85.9,CRITICAL
08:54.6,6.9,85.5,CRITICAL
08:59.6,22.2,86.6,CRITICAL
09:04.6,10.6,86.7,CRITICAL
09:09.6,30.4,87.2,CRITICAL
09:14.6,12.2,86.9,CRITICAL
09:19.6,17.6,87.2,CRITICAL
09:24.6,11.2,87.0,CRITICAL
09:29.7,15.0,86.3,CRITICAL
09:34.6,22.3,86.2,CRITICAL
09:39.6,25.0,85.7,CRITICAL
09:44.6,10.6,85.5,CRITICAL
09:49.6,20.2,85.9,CRITICAL
09:54.6,7.7,85.6,CRITICAL
09:59.6,11.6,85.7,CRITICAL
10:04.6,8.5,85.4,CRITICAL
10:09.6,23.2,86.1,CRITICAL
10:14.6,13.7,86.6,CRITICAL
10:19.6,18.1,88.0,CRITICAL
10:24.6,25.8,89.3,CRITICAL
10:29.6,18.3,83.9,WARNING
10:34.6,11.3,84.1,WARNING
10:39.6,11.8,83.6,WARNING
10:44.6,4.7,82.7,WARNING
10:49.6,8.6,83.0,WARNING
10:54.6,8.0,82.9,WARNING
10:59.6,10.4,83.4,WARNING
11:04.6,8.5,83.6,WARNING
11:09.6,14.5,83.7,WARNING
11:14.6,20.3,83.0,WARNING
11:19.6,15.6,83.2,WARNING
11:24.6,10.2,83.0,WARNING
11:29.6,13.8,83.1,WARNING
11:34.6,7.8,83.1,WARNING
11:39.6,13.0,83.4,WARNING
11:44.6,12.8,83.5,WARNING
11:49.6,7.2,83.4,WARNING
11:54.6,11.4,83.4,WARNING
11:59.6,13.4,83.8,WARNING
12:04.6,19.0,84.5,WARNING
12:09.6,9.6,84.5,WARNING
12:14.6,6.4,84.4,WARNING
12:19.6,10.5,84.1,WARNING
12:24.6,4.3,83.8,WARNING
12:29.6,8.6,83.4,WARNING
12:34.6,9.8,83.9,WARNING
12:39.6,22.2,83.9,WARNING
12:44.6,14.2,83.9,WARNING
12:49.6,13.4,84.0,WARNING
12:54.6,7.4,83.8,WARNING
12:59.6,9.1,83.9,WARNING
13:04.6,8.2,83.6,WARNING
13:09.6,9.4,83.8,WARNING
13:14.6,10.7,83.5,WARNING
13:19.6,11.5,83.5,WARNING
13:24.6,8.6,83.5,WARNING
13:34.6,10.2,83.5,WARNING
13:39.6,7.8,83.6,WARNING
13:40.3,23.5,83.7,WARNING
13:44.6,9.8,83.5,WARNING
13:49.6,11.9,83.7,WARNING
13:54.6,9.3,83.7,WARNING
13:59.6,11.1,83.8,WARNING
14:04.6,11.5,83.9,WARNING
14:09.6,11.8,83.6,WARNING
14:14.6,11.4,83.6,WARNING
14:19.6,8.1,83.8,WARNING
14:24.6,9.5,83.9,WARNING
14:29.6,22.4,85.2,CRITICAL
14:34.6,11.6,85.4,CRITICAL
14:39.6,11.4,85.6,CRITICAL
14:44.6,10.9,85.5,CRITICAL
14:49.6,10.3,85.1,CRITICAL
14:54.6,12.5,85.2,CRITICAL
14:59.6,30.8,85.7,CRITICAL
15:04.6,23.7,85.7,CRITICAL
15:09.6,23.7,84.9,WARNING
15:14.6,14.6,85.4,CRITICAL
15:19.6,11.6,84.9,WARNING
15:24.6,11.4,84.5,WARNING
15:29.5,14.4,84.6,WARNING
15:34.6,14.8,84.9,WARNING
15:39.6,13.7,83.2,WARNING
15:44.6,9.5,83.1,WARNING
15:49.6,11.8,82.9,WARNING
15:54.6,9.5,82.7,WARNING
15:59.6,7.1,82.7,WARNING
16:04.6,6.7,82.6,WARNING
16:09.6,13.5,82.8,WARNING
16:14.6,6.9,82.8,WARNING
16:19.6,8.3,82.8,WARNING
16:24.6,11.1,82.8,WARNING
16:29.6,11.3,82.7,WARNING
16:34.6,7.2,82.7,WARNING
16:39.6,9.6,82.9,WARNING
16:44.6,7.2,82.7,WARNING
16:49.5,9.1,82.6,WARNING
16:54.5,8.7,82.6,WARNING
16:59.6,10.5,82.6,WARNING
17:04.5,10.2,82.7,WARNING
17:09.6,12.5,82.8,WARNING
17:14.6,12.7,82.7,WARNING
17:19.6,11.8,82.3,WARNING
17:24.5,7.8,82.5,WARNING
17:29.5,15.3,81.5,WARNING
17:34.6,6.4,81.5,WARNING
17:39.6,8.7,81.4,WARNING
17:44.5,7.7,81.5,WARNING
17:49.5,11.2,81.5,WARNING
17:54.6,6.7,81.7,WARNING
17:55.2,10.1,81.7,WARNING
17:59.6,10.0,81.8,WARNING
18:04.6,8.7,81.7,WARNING
18:04.9,12.9,81.7,WARNING
18:09.5,9.8,81.8,WARNING
18:14.5,7.2,81.8,WARNING
18:19.6,7.5,81.9,WARNING
18:24.5,8.5,81.9,WARNING
18:29.6,12.2,81.7,WARNING
18:34.5,6.5,81.6,WARNING
18:39.6,11.6,81.6,WARNING
18:44.5,15.1,81.7,WARNING
18:49.3,12.5,81.8,WARNING
18:49.5,15.5,81.9,WARNING
18:52.8,18.5,81.6,WARNING
18:54.5,9.9,81.6,WARNING
18:59.5,10.1,81.6,WARNING
19:00.4,27.6,81.8,WARNING
19:04.5,10.6,81.8,WARNING
19:09.5,11.9,82.1,WARNING
19:14.5,9.5,82.0,WARNING
19:19.5,9.4,81.7,WARNING
19:24.5,7.3,81.7,WARNING
19:29.5,10.7,81.7,WARNING
19:34.5,8.3,82.2,WARNING
19:39.5,18.3,81.7,WARNING
19:44.5,5.6,81.6,WARNING
19:49.6,12.3,81.8,WARNING
19:54.5,4.4,81.8,WARNING
19:59.5,15.6,81.7,WARNING
20:04.5,8.4,81.8,WARNING
20:09.5,14.8,81.8,WARNING
20:14.5,9.4,81.5,WARNING
20:19.5,12.6,81.6,WARNING
20:24.5,8.2,81.5,WARNING
20:29.5,13.8,81.6,WARNING
20:34.5,7.7,81.6,WARNING
20:39.5,13.3,81.7,WARNING
20:44.5,12.2,81.7,WARNING
20:49.5,8.2,81.8,WARNING
20:54.5,36.9,82.6,WARNING
20:59.5,11.7,82.6,WARNING
21:04.5,30.5,82.9,WARNING
21:09.5,8.8,83.1,WARNING
21:14.5,7.5,83.0,WARNING
21:19.5,14.5,83.3,WARNING
21:24.5,12.6,83.5,WARNING
21:29.5,15.8,83.4,WARNING
21:34.5,14.2,83.6,WARNING
21:39.5,16.6,83.5,WARNING
21:44.5,11.9,83.0,WARNING
21:49.5,9.1,82.8,WARNING
21:54.5,11.8,82.6,WARNING
21:59.5,7.3,82.8,WARNING
22:04.5,9.4,83.0,WARNING
22:09.5,6.9,82.9,WARNING
22:14.5,6.5,82.6,WARNING
22:19.5,8.4,82.6,WARNING
22:24.5,49.4,82.9,WARNING
22:29.6,19.7,83.8,WARNING
22:34.5,9.4,82.6,WARNING
22:39.5,6.8,82.5,WARNING
22:44.5,6.7,82.3,WARNING
22:49.5,6.3,82.5,WARNING
22:54.5,10.1,82.3,WARNING
22:59.5,8.9,82.4,WARNING
23:04.5,9.1,82.4,WARNING
23:09.5,11.6,82.4,WARNING
23:14.5,16.9,82.4,WARNING
23:19.5,12.1,82.5,WARNING
23:24.5,17.3,82.6,WARNING
23:29.5,13.9,82.5,WARNING
23:34.5,5.6,82.4,WARNING
23:39.5,7.4,82.6,WARNING
23:44.5,16.5,82.8,WARNING
23:49.5,16.9,83.0,WARNING
23:54.5,9.6,83.0,WARNING
23:59.5,11.4,83.0,WARNING
24:04.5,9.4,82.9,WARNING
24:09.5,9.8,83.3,WARNING
24:14.5,4.1,83.6,WARNING
24:19.5,3.2,82.7,WARNING
24:24.5,7.8,82.5,WARNING
24:29.5,9.5,81.9,WARNING
24:34.5,3.2,81.9,WARNING
24:39.5,6.5,81.8,WARNING
24:44.6,8.6,81.9,WARNING
24:49.5,11.2,81.8,WARNING
24:54.5,11.3,81.8,WARNING
24:59.5,10.9,81.9,WARNING
25:04.5,8.6,81.8,WARNING
25:09.5,6.9,81.8,WARNING
25:14.5,7.0,81.9,WARNING
25:19.5,7.5,81.8,WARNING
25:24.5,5.9,81.8,WARNING
25:29.5,8.9,81.8,WARNING
25:34.5,6.3,81.7,WARNING
25:39.5,6.1,81.7,WARNING
25:44.5,3.7,81.7,WARNING
25:49.5,4.4,81.7,WARNING
25:54.5,3.7,81.7,WARNING
25:59.5,4.3,81.6,WARNING
26:04.5,8.1,81.9,WARNING
26:09.5,10.9,82.0,WARNING
44:49.6,5.4,79.8,WARNING
44:54.6,19.9,79.6,WARNING
44:59.6,10.4,79.5,WARNING
45:04.6,13.0,79.7,WARNING
45:09.6,13.4,79.8,WARNING
45:14.6,16.9,80.5,WARNING
45:19.6,5.7,81.1,WARNING
45:24.6,5.3,80.9,WARNING
45:29.6,3.7,80.9,WARNING
45:34.6,5.0,80.8,WARNING
45:39.6,6.1,80.7,WARNING
45:44.6,8.5,80.8,WARNING
45:49.6,5.6,80.1,WARNING
45:54.6,6.6,80.0,WARNING
45:59.6,8.0,79.8,WARNING
46:04.6,5.7,80.3,WARNING
46:09.6,7.2,80.4,WARNING
46:14.6,23.9,80.3,WARNING
46:19.6,17.9,81.1,WARNING
46:24.6,19.9,81.9,WARNING
46:29.6,9.9,82.3,WARNING
46:34.6,13.7,82.2,WARNING
46:39.6,8.1,82.2,WARNING
46:44.6,7.6,81.8,WARNING
46:49.6,9.2,81.6,WARNING
46:54.6,13.9,81.5,WARNING
46:59.6,8.7,81.4,WARNING
47:04.6,6.5,80.8,WARNING
47:09.6,10.4,80.7,WARNING
47:14.6,9.8,81.2,WARNING
47:19.6,8.0,81.2,WARNING
47:24.6,7.6,81.0,WARNING
47:29.6,8.4,81.1,WARNING
47:34.6,8.3,81.0,WARNING
47:39.6,7.0,81.1,WARNING
47:44.6,7.7,80.8,WARNING
47:49.6,5.9,80.8,WARNING
47:54.6,7.5,81.1,WARNING
47:59.6,9.1,81.1,WARNING
48:04.6,12.0,81.2,WARNING
48:09.6,13.9,81.2,WARNING
48:14.3,9.8,80.9,WARNING
48:14.6,12.9,81.0,WARNING
48:19.0,10.3,80.9,WARNING
48:19.6,14.0,80.9,WARNING
48:22.9,14.4,80.9,WARNING
48:24.6,10.8,80.7,WARNING
48:28.6,7.0,80.6,WARNING
48:29.6,18.2,80.6,WARNING
48:34.6,5.1,80.4,WARNING
48:39.6,2.7,80.2,WARNING
48:44.6,3.2,80.2,WARNING
48:49.6,5.1,80.2,WARNING
48:54.6,6.2,80.2,WARNING
48:59.6,6.5,80.2,WARNING
49:04.6,5.1,80.2,WARNING
49:09.6,5.3,80.2,WARNING
49:14.6,5.6,80.2,WARNING
49:19.6,5.0,80.2,WARNING
49:24.6,4.6,80.2,WARNING
49:29.6,12.0,80.3,WARNING
49:34.6,9.9,80.4,WARNING
49:39.6,10.8,80.3,WARNING
49:44.6,11.0,80.9,WARNING
49:49.6,5.7,82.0,WARNING
49:54.6,5.6,82.0,WARNING
49:59.6,5.4,81.7,WARNING
50:04.5,11.6,81.6,WARNING
50:09.6,4.9,81.6,WARNING
50:14.6,6.9,81.6,WARNING
50:19.6,6.4,81.6,WARNING
50:24.5,7.9,81.0,WARNING
50:29.5,7.1,80.3,WARNING
50:34.6,5.9,80.3,WARNING
50:39.5,3.0,80.4,WARNING
50:44.5,13.6,80.3,WARNING
50:49.5,4.7,80.5,WARNING
50:54.5,7.5,79.9,WARNING
50:59.6,9.9,80.0,WARNING
51:04.5,10.7,80.1,WARNING
51:09.5,8.4,80.0,WARNING
51:14.5,12.3,80.1,WARNING
51:16.0,8.2,80.2,WARNING
51:19.5,4.6,80.2,WARNING
51:24.5,6.9,80.0,WARNING
51:25.6,17.8,80.0,WARNING
51:29.5,5.4,80.0,WARNING
51:34.6,7.6,80.0,WARNING
51:39.5,11.3,80.3,WARNING
51:44.5,4.2,80.5,WARNING
51:49.5,2.8,80.5,WARNING
51:54.5,4.5,80.5,WARNING
51:59.5,6.0,80.4,WARNING
52:04.5,5.0,80.4,WARNING
52:09.5,6.5,80.3,WARNING
52:14.5,7.7,80.4,WARNING
52:19.5,6.6,80.2,WARNING
52:24.5,12.4,80.2,WARNING
52:29.5,9.6,80.3,WARNING
52:34.5,8.8,80.3,WARNING
52:39.5,6.2,80.3,WARNING
52:44.5,4.2,80.0,WARNING
52:49.5,5.2,80.0,WARNING
52:54.5,5.5,80.0,WARNING
52:59.5,5.1,80.0,WARNING
53:04.5,5.8,80.0,WARNING
53:09.5,5.2,80.0,WARNING
53:14.5,6.7,80.0,WARNING
53:19.5,5.2,79.9,WARNING
53:24.5,3.5,80.0,WARNING
53:29.5,5.1,79.7,WARNING
53:34.5,5.8,79.6,WARNING
53:39.5,5.4,79.6,WARNING
53:44.5,4.9,79.6,WARNING
53:49.5,6.8,79.6,WARNING
53:54.5,10.5,79.6,WARNING
53:59.5,8.5,79.7,WARNING
54:04.5,10.4,79.8,WARNING
54:09.5,5.0,79.7,WARNING
54:14.5,9.1,79.5,WARNING
54:19.5,5.7,79.4,WARNING
54:24.5,5.8,79.6,WARNING
54:29.5,6.7,79.5,WARNING
54:34.5,6.5,79.6,WARNING
54:39.5,8.6,79.2,WARNING
54:44.5,14.9,79.2,WARNING
54:49.5,14.5,80.0,WARNING
54:54.5,8.9,77.9,WARNING
54:59.5,3.7,77.9,WARNING
55:04.5,1.5,77.9,WARNING
55:09.5,3.8,78.0,WARNING
32:49.9,72.0,80.1,WARNING
36:54.6,62.4,80.6,WARNING
36:59.5,71.2,82.0,WARNING
37:04.5,31.9,83.3,WARNING
37:09.5,9.3,82.7,WARNING
37:14.5,9.2,81.9,WARNING
37:19.5,11.3,81.9,WARNING
37:24.5,10.6,81.8,WARNING
37:29.5,15.6,81.7,WARNING
37:34.5,10.8,81.4,WARNING
37:39.5,7.0,80.6,WARNING
37:44.5,5.3,80.5,WARNING
37:49.5,6.2,80.4,WARNING
37:54.5,5.3,80.1,WARNING
37:59.5,3.2,80.0,WARNING
38:04.5,2.9,80.1,WARNING
38:09.5,16.9,80.5,WARNING
38:14.5,6.7,81.5,WARNING
38:19.5,9.9,81.5,WARNING
38:24.5,3.3,81.3,WARNING
38:29.5,3.2,81.4,WARNING
38:34.5,8.6,81.3,WARNING
38:39.5,12.5,81.9,WARNING
38:44.6,23.8,82.5,WARNING
38:49.5,15.0,81.7,WARNING
38:54.5,28.4,81.1,WARNING
38:59.5,16.7,81.3,WARNING
39:04.5,12.4,81.3,WARNING
39:09.5,10.7,81.2,WARNING
39:14.5,21.1,81.4,WARNING
39:19.5,4.6,80.5,WARNING
39:24.5,29.6,79.9,WARNING
39:29.5,4.6,79.8,WARNING
39:34.5,4.3,79.8,WARNING
39:39.5,6.4,79.8,WARNING
39:44.5,5.6,79.9,WARNING
39:49.5,5.6,79.8,WARNING
39:54.5,6.5,79.8,WARNING
39:59.5,6.2,79.7,WARNING
40:04.5,4.9,79.7,WARNING
40:09.5,6.1,79.7,WARNING
40:14.5,11.0,79.6,WARNING
40:19.5,13.8,79.9,WARNING
40:24.5,14.5,80.2,WARNING
29:47.8,0.7,13.7,HEALTHY
32:09.6,0.1,14.2,HEALTHY
32:14.6,0.4,13.9,HEALTHY
32:19.6,0.1,13.9,HEALTHY
32:24.6,0.1,13.9,HEALTHY
32:29.6,0.1,13.9,HEALTHY
32:34.6,1.6,13.9,HEALTHY
32:39.6,5.1,14.6,HEALTHY
32:44.6,4.6,14.8,HEALTHY
32:49.6,2.9,15.2,HEALTHY
32:54.6,2.7,15.2,HEALTHY
32:59.6,4.0,15.3,HEALTHY
33:03.0,4.1,15.3,HEALTHY
33:04.6,5.3,15.3,HEALTHY
33:09.6,7.1,15.5,HEALTHY
33:14.6,6.7,15.4,HEALTHY
33:19.6,7.1,14.2,HEALTHY
33:24.6,6.6,14.2,HEALTHY
33:29.6,6.6,14.2,HEALTHY
33:34.6,11.4,14.3,HEALTHY
33:44.6,5.7,15.2,HEALTHY
33:49.6,0.4,15.8,HEALTHY
33:54.6,0.1,15.8,HEALTHY
33:59.6,0.2,15.8,HEALTHY
34:04.6,0.1,15.9,HEALTHY
34:09.6,0.1,15.9,HEALTHY
34:14.6,0.4,15.9,HEALTHY
34:19.6,0.2,15.9,HEALTHY
34:24.1,0.2,16.0,HEALTHY
34:24.6,0.7,15.9,HEALTHY
34:29.6,1.6,16.0,HEALTHY
34:34.6,0.1,15.9,HEALTHY
34:39.6,0.1,16.0,HEALTHY
34:44.6,0.4,15.9,HEALTHY
34:49.6,0.1,16.0,HEALTHY
34:54.6,0.1,16.0,HEALTHY
34:59.6,0.2,16.0,HEALTHY
35:04.6,0.1,16.0,HEALTHY
35:09.6,1.1,16.0,HEALTHY
35:14.6,0.4,16.0,HEALTHY
35:19.6,0.4,16.0,HEALTHY
35:24.6,0.6,16.2,HEALTHY
35:29.6,0.4,16.2,HEALTHY
35:30.3,0.8,16.2,HEALTHY
35:34.6,0.8,16.2,HEALTHY
35:39.6,0.3,16.2,HEALTHY
35:44.6,0.3,16.2,HEALTHY
35:49.6,0.1,16.2,HEALTHY
35:54.6,0.1,16.2,HEALTHY
35:59.6,0.1,16.2,HEALTHY
36:04.6,0.2,16.1,HEALTHY
36:09.6,0.1,16.1,HEALTHY
36:14.6,0.7,16.1,HEALTHY
36:19.6,0.0,16.1,HEALTHY
36:24.6,0.2,16.1,HEALTHY
36:29.6,0.2,16.1,HEALTHY
36:34.6,0.2,15.9,HEALTHY
36:39.6,0.4,15.9,HEALTHY
36:44.6,0.2,15.9,HEALTHY
36:49.6,0.2,15.9,HEALTHY
36:54.6,0.1,15.9,HEALTHY
36:59.6,0.1,15.9,HEALTHY
37:04.6,0.1,15.9,HEALTHY
37:09.6,0.4,15.9,HEALTHY
37:14.6,0.3,15.8,HEALTHY
37:19.6,0.1,15.6,HEALTHY
37:24.6,0.2,15.6,HEALTHY
37:29.6,0.2,15.6,HEALTHY
37:34.6,0.2,15.6,HEALTHY
37:39.6,0.4,15.6,HEALTHY
37:44.6,0.4,15.6,HEALTHY
37:49.6,0.1,15.6,HEALTHY
37:54.6,0.1,15.5,HEALTHY
37:59.6,0.1,15.5,HEALTHY
38:04.6,0.1,15.5,HEALTHY
38:09.6,0.1,15.5,HEALTHY
38:14.6,0.5,15.5,HEALTHY
38:19.6,0.1,15.5,HEALTHY
38:24.6,0.1,15.5,HEALTHY
38:29.6,0.1,15.5,HEALTHY
38:34.6,0.3,15.4,HEALTHY
38:39.6,0.2,15.4,HEALTHY
38:44.6,0.3,15.4,HEALTHY
38:49.6,0.1,15.4,HEALTHY
38:54.5,0.1,15.4,HEALTHY
38:59.6,0.1,15.4,HEALTHY
39:04.6,0.1,15.4,HEALTHY
39:09.6,0.4,15.4,HEALTHY
39:14.6,0.3,15.4,HEALTHY
39:19.6,0.1,15.4,HEALTHY
39:24.5,0.1,15.4,HEALTHY
39:29.5,0.1,15.4,HEALTHY
39:34.5,0.0,15.4,HEALTHY
39:39.6,0.2,15.4,HEALTHY
39:44.5,0.2,15.4,HEALTHY
39:49.5,0.1,15.5,HEALTHY
39:54.5,0.1,15.5,HEALTHY
39:59.5,0.1,15.5,HEALTHY
40:04.5,0.1,15.5,HEALTHY
40:09.5,0.1,15.5,HEALTHY
40:14.6,0.6,15.4,HEALTHY
40:19.5,0.1,15.4,HEALTHY
40:24.5,0.1,15.4,HEALTHY
40:29.5,0.1,15.4,HEALTHY
40:34.5,0.6,15.4,HEALTHY
40:39.5,0.1,15.4,HEALTHY
40:44.5,0.1,15.4,HEALTHY
40:49.5,0.1,15.4,HEALTHY
40:54.5,0.1,15.4,HEALTHY
40:59.5,0.0,15.4,HEALTHY
41:04.5,0.1,15.4,HEALTHY
41:09.5,0.4,15.3,HEALTHY
41:14.5,0.1,15.3,HEALTHY
41:19.5,0.1,15.3,HEALTHY
41:24.5,0.0,15.3,HEALTHY
41:29.5,0.1,15.3,HEALTHY
41:34.5,0.1,15.3,HEALTHY
41:39.5,0.2,15.3,HEALTHY
41:44.5,0.2,15.3,HEALTHY
41:49.5,0.1,15.3,HEALTHY
41:54.5,0.1,15.3,HEALTHY
41:59.5,0.1,15.3,HEALTHY
42:04.5,0.1,15.3,HEALTHY
42:09.5,0.2,15.3,HEALTHY
42:14.5,0.1,15.3,HEALTHY
42:19.5,0.1,15.3,HEALTHY
42:24.5,0.0,15.3,HEALTHY
42:29.5,0.1,15.3,HEALTHY
42:34.5,0.7,15.3,HEALTHY
42:39.5,0.1,15.3,HEALTHY
42:44.5,0.2,15.3,HEALTHY
42:49.5,0.1,15.3,HEALTHY
42:54.5,0.1,15.2,HEALTHY
42:59.5,0.1,15.2,HEALTHY
43:04.5,0.1,15.3,HEALTHY
43:09.5,0.4,15.3,HEALTHY
43:14.5,0.4,15.3,HEALTHY
43:19.5,0.2,15.3,HEALTHY
25:09.6,21.7,77.8,WARNING
25:19.7,6.3,77.1,WARNING
27:01.7,8.2,77.0,WARNING
43:07.8,9.8,80.7,WARNING
43:19.8,10.9,80.5,WARNING
43:47.7,7.5,79.1,WARNING
52:29.3,24.6,79.8,WARNING
52:35.0,41.4,80.3,WARNING
