57:19.0,0,67.3
08:38.4,0,75.9
20:38.2,0,82.4
22:15.1,0,81.2
58:13.6,0,74.3
58:18.6,0,74.8
58:23.6,0,75.3
58:28.6,0,75.3
58:33.6,0,75.7
58:38.6,0,75.5
58:43.6,0,75.4
58:48.6,0,75.1
58:53.6,0,74.6
58:58.6,0,74.4
59:03.6,0,73.9
59:08.6,0,73.9
59:13.6,0,74.8
59:18.6,0,74.6
59:23.6,0,74.7
59:28.6,0,74.1
59:33.6,0,74.7
59:38.6,0,71
59:43.6,0,71
59:48.6,0,71.1
59:53.6,0,71.4
59:58.6,0,71.4
00:03.6,100,71.7
00:08.6,16.7,71.5
00:13.6,0,71.6
00:18.6,0,71.5
00:23.6,0,71.7
00:28.6,0,71.7
00:33.6,0,71.5
00:38.6,0,71.5
00:43.6,0,72.3
00:48.6,0,73.3
00:53.6,0,72.8
00:58.5,0,72.7
01:03.5,0,72.8
01:08.5,0,72.5
01:13.5,71.4,72.1
01:18.5,0,72.1
01:23.5,0,72.2
01:28.5,0,72.2
01:33.5,0,72.1
01:38.5,0,72.1
01:43.5,0,71
01:48.5,0,70.9
01:53.5,0,70.9
01:58.5,0,70.9
02:03.5,0,70.9
02:08.5,0,70.9
02:13.5,0,70.9
02:18.5,0,70.7
02:23.5,0,70.6
02:28.5,0,70.1
02:33.5,0,70.2
02:38.5,0,70.6
02:43.5,0,70.8
02:48.5,0,70.8
02:53.5,0,70.9
02:58.5,44.4,70.8
03:03.5,0,71
03:08.5,18.9,70.8
03:13.5,0,71
03:18.5,0,71.3
03:23.5,16.7,71.1
03:26.7,0,71.5
03:28.5,0,71.2
03:33.5,0,70.1
03:38.5,0,70
03:43.5,0,70.4
03:48.5,0,70
03:53.5,0,70.3
03:58.5,100,70.2
04:03.5,21.3,70.5
04:08.5,100,70.2
04:13.5,0,70.6
04:18.5,0,70.3
04:23.5,0,71.1
04:28.5,0,71.1
04:33.5,0,71.6
04:38.5,0,71.6
04:43.5,0,73.8
04:48.5,0,76.6
04:53.5,0,75.5
04:58.5,66.7,70.8
05:03.5,0,71.1
05:08.5,0,72.3
05:13.5,0,72.4
05:18.5,0,71.9
05:23.5,0,72.5
05:28.5,0,70.7
05:33.5,0,70.5
05:38.5,0,70.2
05:43.5,0,70.2
05:48.5,0,70.2
05:53.5,83.3,69.1
05:58.5,0,69.2
06:03.5,0,69.7
06:08.5,0,69.6
06:13.5,0,70.1
06:18.5,0,70
06:23.5,0,68.9
06:28.5,0,68.6
06:33.5,0,68.7
06:38.5,0,68.7
06:43.5,0,68.9
06:48.5,0,68.9
06:53.5,0,69.5
06:58.4,0,69.7
07:03.4,0,70.1
07:08.4,17.1,70
07:13.5,0,70.2
07:18.4,0,70
07:23.4,0,70.2
07:28.4,0,69.8
07:33.4,0,69.9
07:38.4,0,69.6
07:43.4,0,69.7
07:48.4,0,69.4
07:53.4,0,71.7
07:58.4,0,71.1
08:03.4,0,71.2
08:08.4,20,71
08:13.4,0,71
08:18.4,0,70.6
08:23.4,0,71.1
08:28.4,0,70.5
08:33.4,0,70.3
08:38.4,0,70.7
08:43.4,0,71.4
08:48.4,0,71
08:53.4,0,71.2
08:58.4,0,71.3
09:03.4,0,72
09:08.4,0,71.9
09:13.4,0,70.8
09:18.4,0,70.7
09:23.4,0,71
09:28.4,0,70.6
09:33.4,0,70.8
09:38.4,0,70.4
09:43.4,0,71
09:48.4,0,71.1
09:53.4,0,71
09:58.4,0,70.5
10:03.4,0,70.7
10:08.4,0,70.3
10:13.4,0,70.4
10:18.4,0,70.3
10:23.4,0,70.3
10:28.4,0,70.1
10:33.4,0,70.4
10:38.4,25,70.5
10:43.4,0,70.7
10:48.4,0,70.4
10:53.4,0,70.3
10:58.4,0,65.4
11:03.4,0,65
11:08.4,0,64.8
11:13.4,0,65.5
11:18.4,11.9,65.7
11:23.4,11.7,66.3
11:28.4,0,66.2
11:33.4,0,66.4
11:38.4,0,66.8
11:43.4,0,66.2
11:48.4,0,65.9
11:53.4,0,65.9
11:58.4,0,66.2
12:03.4,0,66.8
12:08.4,0,66.5
12:13.4,0,67.5
12:18.4,0,67.6
12:23.4,0,68.2
12:28.4,0,68.6
12:33.4,0,68.6
12:38.4,0,68.2
12:43.4,0,66.4
12:48.4,0,66.1
12:53.3,0,66.5
12:58.4,0,66.5
13:03.3,0,66.8
13:08.4,0,66.4
13:13.3,0,66.4
13:18.3,0,66.6
13:23.3,0,67.2
13:28.4,0,67
13:33.3,0,66.8
13:38.3,0,66.3
13:43.3,0,66.5
13:48.3,0,66.1
13:53.3,13.3,66.7
13:58.3,0,66.8
14:03.3,0,67.3
14:08.3,0,67
14:13.3,0,67.1
14:18.3,0,66.9
14:23.3,16.7,66.9
14:28.3,0,66.6
14:33.3,0,66.8
14:38.3,0,66.6
14:43.3,0,66.8
14:48.3,0,66.5
14:53.3,0,66.7
14:58.3,0,66.9
15:03.3,0,67.1
15:08.3,0,66.9
15:13.3,11.7,66.9
15:18.3,0,66.7
15:23.3,0,66.9
15:28.3,0,66.5
15:33.3,0,66.7
15:38.3,0,66.5
15:43.3,0,66.7
15:48.3,0,66.4
15:53.3,0,66.6
15:58.3,0,65.3
16:03.3,0,65.7
16:08.3,0,65.4
16:13.3,0,65.7
16:18.3,0,65.2
16:23.3,0,65.4
16:28.3,0,65
16:33.3,0,65.6
16:38.3,100,65.2
16:43.3,0,65.1
16:48.3,0,64.9
16:53.3,0,65.1
16:58.3,0,64.9
17:03.3,0,65.2
17:08.3,0,64.9
17:13.3,0,65.2
21:28.3,0,63.7
21:33.3,0,64.5
21:38.3,0,65.2
21:43.2,0,65
21:48.2,0,64.9
21:53.2,0,65.2
21:58.3,0,65.2
22:03.2,0,65.6
22:08.2,0,65.5
22:13.2,0,65.7
22:18.2,0,65.4
22:23.2,0,66.4
22:28.2,0,66.5
22:33.2,0,66.8
22:38.2,0,66.1
22:43.2,0,66.6
22:48.2,0,66.7
22:53.2,0,67.2
22:58.2,0,67.2
23:03.2,0,65.4
23:08.2,0,65
23:13.2,0,65.3
23:18.2,0,65
23:23.2,0,65.2
23:28.2,0,65
23:33.2,0,65.4
23:38.2,0,65.1
23:43.2,0,65.4
23:48.2,0,64.8
23:53.2,0,65.2
26:23.2,0,64.9
26:28.2,0,64.8
26:29.2,0,64.8
26:30.4,0,64.8
26:33.2,0,64.9
26:38.4,0,64.7
26:43.2,0,65
26:48.2,0,65.3
26:53.2,0,65.4
26:58.2,0,64.9
27:03.2,0,65
27:08.2,0,64.5
27:13.2,0,64.8
27:18.2,0,64.6
27:23.2,0,64.9
27:28.2,0,64.9
27:33.2,9,65.1
27:38.2,0,64.9
27:43.2,0,65.1
27:48.2,0,64.9
27:53.2,0,65
27:58.2,0,64.5
28:03.2,0,64.7
28:08.2,0,64.4
28:13.2,0,64.6
28:18.2,0,64.3
28:23.2,0,64.7
28:28.2,0,64.4
28:33.2,0,64.6
28:38.2,0,64.4
28:43.2,0,64.7
28:48.2,0,64.4
28:53.2,0,64.6
28:58.2,0,64.4
29:03.2,0,64.7
29:08.2,0,64.8
29:13.2,0,64.9
29:18.2,0,64.8
29:23.2,0,65
29:28.2,0,64.8
29:33.2,0,65
29:38.2,0,64.5
29:43.2,0,64.7
29:48.2,0,64.8
29:53.2,5.5,65.1
29:58.2,0,64.9
30:03.2,6.2,65
30:08.2,0,64.6
30:13.2,0,64.8
30:18.2,0,64.9
30:23.2,0,65
30:28.2,0,64.8
30:33.2,0,64.8
30:38.2,0,64.9
30:43.2,0,65.1
30:48.2,0,65
30:53.2,0,65.2
30:58.2,0,64.9
31:03.2,0,65.2
31:08.2,0,65.4
31:13.2,0,65.7
31:18.2,0,65.3
31:23.2,0,65.4
31:28.2,0,65.2
31:33.2,0,65.5
31:38.2,8.5,65.5
31:43.2,0,65
31:48.2,0,64.8
31:53.2,0,65
31:58.2,0,64.8
32:03.2,0,65.2
32:08.2,0,65
32:13.2,0,65
32:18.2,0,64.5
32:23.2,0,64.8
32:28.2,0,64.6
32:33.2,9,64.8
32:38.2,0,64.5
32:43.2,0,65.1
32:48.2,0,65
32:53.2,0,65.2
32:58.2,0,64.8
33:03.2,0,65
33:08.2,0,64.8
33:13.2,0,64.6
33:18.2,0,65.5
33:23.2,0,65.7
33:28.2,0,65.4
33:33.2,0,65.5
33:38.2,0,65.7
33:43.2,0,65.9
33:48.2,0,65.6
33:53.2,0,65.7
33:58.2,0,66.3
34:03.2,0,66.5
34:08.2,0,66.3
34:13.2,0,66.8
34:18.2,0,66.9
34:23.2,0,67
34:28.2,0,66.4
34:33.2,0,65.2
34:38.2,0,65
34:43.2,0,65.3
34:48.2,0,65
34:53.2,0,65.2
34:58.2,0,64.9
35:03.2,0,65.2
35:08.2,0,64.9
35:13.2,0,65.3
35:18.2,0,65.1
35:23.2,0,65.3
35:28.2,8.3,65.1
35:33.2,0,65.4
35:38.2,50,65.4
35:43.2,0,65.5
35:48.2,0,65.2
35:53.2,100,65.4
35:58.2,0,65.1
36:03.2,0,64.1
36:08.2,0,63.6
36:13.1,0,64.1
36:18.1,0,63.9
36:23.2,0,64.1
36:28.1,8.3,63.9
36:33.1,0,64.2
36:38.1,0,64.1
36:43.1,0,63.9
36:48.2,0,63.7
36:53.1,0,64.1
36:58.2,0,63.8
37:03.1,0,63.8
37:08.1,0,63.7
37:13.1,0,63.9
37:18.1,8.4,63.5
37:23.1,0,63.7
37:28.1,0,63.6
37:33.1,0,63.9
37:38.1,0,63.7
37:43.1,0,63.9
37:48.1,8,63.6
37:53.1,0,63.8
37:58.1,0,63.7
38:03.1,0,64.5
38:08.1,0,64.3
38:13.1,0,64.6
38:18.1,0,64.4
38:23.1,0,64.9
38:28.1,0,64.6
38:33.1,0,64.6
38:38.1,0,64.9
38:43.1,0,65.3
38:48.1,0,64.9
38:53.1,0,65.3
38:58.1,0,65.6
39:03.1,0,65.6
39:08.1,0,65.5
39:13.1,58.3,64.9
39:18.1,0,64.6
39:23.1,0,65
39:28.1,0,64.8
39:33.1,0,64.8
39:38.1,0,64.5
39:43.1,0,65.1
39:48.1,0,64.9
39:53.1,0,65
39:58.1,0,64.7
40:03.1,0,64.9
40:08.1,8.5,64.7
40:13.1,0,65
40:18.1,100,64.5
40:23.1,0,64.7
40:28.1,0,64.4
40:33.1,8.8,64.8
40:38.1,0,64.9
40:43.1,0,65.1
40:48.1,0,65.3
40:53.1,0,65.8
40:58.1,0,66.2
41:03.1,0,65.6
41:08.1,8.4,63.3
41:13.1,0,63.4
41:18.1,0,63.6
41:23.1,0,63.8
41:28.1,0,63.8
41:33.1,0,63.9
41:38.1,0,64
41:43.1,0,63.2
41:48.1,0,63.2
41:53.1,0,63.2
41:58.1,0,63.7
42:03.1,0,63.6
42:08.1,0,63.3
42:13.1,0,63.3
42:18.1,0,63.2
42:23.1,66.7,63.3
42:28.1,8.8,63.3
42:33.1,0,64.1
42:38.1,0,63.9
42:43.1,0,63.9
42:48.1,0,64.2
42:53.1,0,64.7
42:58.1,0,64.9
43:03.1,0,64.9
43:08.1,8.9,63.4
43:13.1,8.9,63.7
43:18.1,0,64.3
43:23.1,0,64.5
43:28.1,0,64.1
43:33.1,0,64
43:38.1,0,63.9
43:43.1,0,63.7
43:48.1,0,63.2
43:53.1,0,63.1
43:58.1,0,63.5
44:03.1,0,63.6
44:08.1,0,63.2
44:13.1,0,63.2
44:18.1,0,63.2
44:23.1,9.1,63.5
44:28.1,0,63.6
44:33.1,0,63.5
44:38.1,0,64
44:43.1,0,64.1
44:48.1,0,64.1
44:53.1,0,64
44:58.1,0,63.7
45:03.1,9,63.7
45:08.1,0,63.6
45:13.1,0,63.8
45:18.1,0,64.2
47:13.1,0,63.7
47:18.1,0,63.4
47:23.1,0,63.5
47:23.3,0,63.5
47:24.2,0,63.8
47:28.2,0,65.7
47:33.1,0,63.6
47:38.1,0,63.9
47:43.1,0,63.9
47:48.1,0,64.2
47:53.1,0,64
47:58.1,0,63.9
48:03.1,0,63.9
48:08.1,0,63.9
48:13.1,0,64
48:18.1,51,63.6
48:23.1,0,63.8
48:28.1,0,63.8
48:33.1,0,63.6
48:38.1,0,64.9
48:43.1,0,64.9
48:48.1,0,64.9
48:53.1,0,64.7
48:58.1,0,64.4
49:03.1,0,64.4
49:08.1,100,64.3
49:13.1,0,64.3
49:18.1,0,64.4
49:23.1,0,64.4
49:28.1,0,64.3
49:33.1,0,64.4
49:38.1,0,64.4
49:43.1,31,64.3
49:48.1,0,64.1
49:53.1,0,64
49:58.0,0,64.3
50:03.1,100,64.8
50:08.0,9,64.8
50:13.0,0,64.9
50:18.1,0,65.3
50:23.0,0,65.8
50:28.1,0,66
50:33.0,0,64.3
50:38.0,0,64.3
50:43.0,0,64.2
50:48.1,0,64.2
50:53.0,0,63.9
50:58.1,0,64
51:03.0,0,63.9
51:08.1,0,63.7
51:13.0,0,63.5
51:18.1,59.2,63.5
51:23.0,0,63.8
51:28.0,0,63.7
51:33.0,100,63.8
51:38.0,100,64
51:43.0,40,63.8
51:48.1,0,63.9
51:53.0,0,63.8
51:58.0,0,63.7
52:03.0,0,63.7
52:08.0,21.3,63.8
52:13.0,0,63.3
52:18.0,0,63.2
52:23.0,0,63.1
52:28.0,0,63.2
52:33.0,0,63.3
52:38.0,0,63.4
52:43.0,0,63.3
52:48.0,0,63.3
52:53.0,35,63.1
52:58.0,0,63.2
53:03.0,0,63.3
53:08.1,0,63.3
53:13.0,0,63.2
53:18.0,0,63.2
53:23.0,0,63.3
53:28.0,0,63.3
53:33.0,0,63.3
53:38.0,0,63.3
53:43.0,0,63.5
53:48.0,0,63.4
53:53.0,0,63.3
53:58.0,50,64
54:03.1,100,63.9
54:08.0,23.8,63.9
54:13.0,0,63.9
54:18.0,0,64.4
54:23.0,0,65.2
54:28.0,0,64.9
54:33.0,0,64.3
54:38.0,0,65
54:43.0,58,63.9
54:48.0,0,64.4
54:53.0,0,64.6
54:58.0,0,62.8
55:03.0,0,62.9
56:11.8,0,66.1
56:16.8,0,65.7
56:21.8,0,65.9
56:26.8,50,67.1
56:31.8,0,66
56:36.8,14.9,65.9
56:41.8,0,65.7
56:46.8,0,65.9
56:51.8,0,65.8
56:56.8,0,65.8
57:01.8,0,65.8
57:06.8,0,65.7
57:11.8,0,65.8
57:16.8,0,65.5
57:21.8,0,65.5
57:26.8,11.7,65.4
57:31.8,30,65.3
57:36.8,0,65.3
57:41.8,0,65.5
57:46.8,16.4,65.5
57:51.8,53,65.5
57:56.8,0,65.5
58:01.8,0,65.6
58:03.4,0,65.5
58:06.8,0,65.6
58:11.8,0,65.7
58:16.8,0,65.6
58:21.8,0,62.8
58:26.8,0,62.2
58:31.8,0,62.4
15:23.6,0,67.6
15:28.6,0,67.2
15:33.6,0,67
15:38.6,33,66.9
15:43.6,0,66.8
15:48.6,0,66.8
15:53.6,35,66.8
15:58.6,0,66.5
16:03.6,53,65.5
16:08.6,0,65.3
16:13.6,0,65.2
16:18.6,41,65
16:23.6,0,65
16:28.6,0,65
16:33.6,0,65
16:38.6,0,65
16:43.6,0,65
16:48.6,53,65
16:53.6,0,65.4
16:58.6,0,65.3
17:03.6,0,65.2
17:08.6,0,65.2
17:13.6,0,65.1
17:18.6,1.3,65.1
17:23.6,0,65.1
17:28.6,39,65.1
17:33.6,30,65
17:38.6,0,65.1
17:43.6,0,65
17:48.6,0,65
17:53.6,46.3,65.1
17:58.6,0,65.1
18:03.6,0,65
18:08.6,0,65.4
18:13.6,0,65.3
18:18.6,1.1,65.4
18:23.6,0,65.4
18:28.6,0,65.4
18:33.6,0,65.4
18:38.6,51,65.4
18:43.6,0,64.7
18:48.6,0,64.3
18:53.6,0,64.4
18:58.6,46,64.5
19:03.6,53,64.4
19:08.6,0,64.5
19:13.6,59,64.5
19:18.6,0,64.2
19:23.6,0,64.2
19:28.6,0,64.3
19:33.6,0,64.1
19:38.6,0,64.1
19:43.6,4.8,64.1
19:48.6,0,64.5
21:33.6,0,66.7
21:38.7,0,66.8
21:48.6,51,66.3
21:53.6,0,66.2
21:57.2,0,66.1
21:58.6,0,66.1
21:58.6,0,66.1
22:03.8,0,68.9
22:08.6,0,66.1
22:13.6,0,65.9
22:18.6,0,66.7
22:23.6,0,66.7
22:28.6,0,66.7
22:33.6,0,66.6
22:38.6,0,66.5
22:43.6,0,66.8
22:48.6,0,67.3
22:53.6,0,67.4
22:58.6,0,67.7
23:03.6,0,68.1
23:08.6,0,68.3
23:13.6,0,68.1
23:18.6,0,67
23:23.6,0,67
23:28.6,0,67
23:33.6,0,66.8
23:38.6,0,65.9
23:43.6,0,66.3
23:53.6,0,66.9
23:58.6,0,66.9
24:02.0,0,67
24:03.0,0,66.8
24:03.6,0,66.8
24:03.8,0,66.8
24:04.4,41,66.8
24:04.7,0,66.8
24:04.9,83.3,66.9
24:05.1,57,66.9
24:05.5,0,67
24:06.2,0,66.7
24:07.3,0,66.7
24:08.6,0,66.6
24:08.6,0,66.6
24:09.7,31,66.7
24:13.6,0,66.7
24:18.6,0,66.7
24:23.9,9.9,71.2
24:28.6,0,66.7
24:33.6,0,66.6
24:38.6,0,66.6
24:43.6,0,66.6
24:48.6,0,66.4
24:53.6,0,66.5
24:58.6,0,66.6
25:03.6,0,66.5
25:08.6,0,66.4
25:13.6,0,66.5
25:18.6,0,66.5
25:23.6,0,66.5
25:28.6,0,66.8
25:33.6,0,66.9
25:38.6,0,66.7
25:43.6,0,66.6
25:48.6,0,66.5
25:53.6,41,66.5
25:58.6,0,66.5
26:03.6,0,66.9
26:08.6,0,67
26:13.6,9.5,67.2
26:18.6,36,67.1
26:23.6,0,66.8
26:25.8,0,66.9
26:26.7,0,66.9
26:28.6,0,66.9
26:28.6,40,66.9
26:29.5,0,66.9
26:30.7,51,67
26:33.6,0,66.8
26:38.7,62.8,66.8
26:43.6,0,66.6
26:48.6,0,66.7
26:53.6,0,66.5
26:58.6,43,66.4
27:03.6,0,66.5
27:08.6,48,66.5
27:13.6,0,66.5
27:18.6,0,66.4
27:23.6,0,66.5
27:28.6,0,66.5
27:33.6,0,66.6
27:38.6,30,66.6
27:43.6,8.9,66.6
27:48.6,0,67.1
27:53.6,0,67.6
27:58.6,49.2,67.8
28:03.6,0,67.7
28:08.6,0,67.6
28:13.6,0,68
28:18.6,0,67.9
28:23.6,0,67.8
28:28.6,0,67.6
28:33.6,60,68.4
28:38.6,0,67.5
28:43.6,0,67
28:48.6,0,66.9
28:53.6,0,67.1
28:58.6,0,67.2
29:03.6,0,67.2
29:08.6,0,67.1
29:13.6,0,67.1
29:18.6,10.3,67.1
29:23.6,0,66.8
29:28.6,0,67
29:33.6,0,67.2
29:38.6,0,67.1
29:43.6,0,66.9
29:48.6,52,67
29:53.7,0,67.7
29:58.6,49,66.6
30:03.6,0,66.6
30:08.6,0,66.4
30:13.6,0,66.4
30:18.6,37,66.5
30:23.6,0,66.5
30:28.6,0,66.5
30:33.6,0,66.5
30:38.6,0,66.6
30:43.6,0,66.7
30:48.6,0,66.5
30:53.6,9.1,66.6
30:58.6,0,66.6
31:03.6,0,66.6
31:08.6,0,66.6
31:13.6,0,66.3
31:18.6,0,66.8
31:23.6,0,67.1
31:28.6,0,67.3
31:33.6,10.1,67.2
31:38.6,0,67
31:43.6,0,67.2
31:48.6,0,67.6
31:53.6,9.9,67.7
31:58.6,0,67.7
32:03.6,0,67.9
32:08.6,9.6,68.1
32:13.6,0,68.5
32:18.6,0,67
32:23.6,0,66.7
32:28.6,100,66.4
32:32.6,0,66.6
32:33.6,0,66.4
32:34.1,12,66.4
32:34.9,0,66.4
32:35.6,0,66.4
32:36.7,60,66.2
32:38.6,0,66.3
32:43.6,0,66.2
32:45.8,0,66.2
32:48.6,0,66.2
32:53.6,0,66.6
32:54.8,0,66.6
32:57.2,0,66.5
32:58.6,0,66.5
32:58.7,0,66.5
32:59.9,0,66.4
33:01.2,0,66.5
33:01.9,32,66.5
33:02.4,0,66.6
33:03.1,0,66.3
33:03.5,0,66.3
33:03.6,0,66.3
33:04.0,0,66.3
33:05.1,0,66.4
33:05.8,10.5,66.4
33:08.6,0,66.6
33:13.6,0,66.7
33:18.6,0,66.6
33:23.6,0,66.8
33:28.6,0,66.7
33:33.6,0,66.7
33:38.6,0,66.7
33:43.6,0,66.7
33:48.6,0,66.5
33:53.6,9.6,66.4
33:58.6,0,66.3
34:03.6,0,66.9
34:08.6,0,67
34:13.6,0,66.9
34:18.6,0,66.9
34:23.6,0,67.4
34:28.6,0,67.3
34:33.6,0,67.2
34:38.6,0,66.3
34:43.6,49,66.2
34:48.6,0,66.1
34:53.6,0,66.2
34:58.6,0,66.1
35:03.6,0,66.2
35:08.6,0,66.1
35:13.6,7.9,66.1
35:18.6,0,66.1
35:23.6,0,66.2
35:28.6,0,66.1
35:33.6,0,66.1
35:38.6,0,66.1
35:43.6,8.3,65.9
35:48.6,54,64.7
35:53.6,7.4,65
35:58.6,0,65.1
36:03.6,0,65.1
36:08.6,0,65.1
36:13.6,0,65.1
36:18.6,0,65
36:23.6,0,65
36:28.6,0,65
36:33.6,0,64.9
36:38.6,0,64.6
36:43.6,0,64.6
36:48.6,8.8,64.7
36:53.5,0,65
36:58.6,7,65
37:03.6,0,65.7
37:08.5,0,65.6
37:13.6,0,65.7
37:19.0,0,66.9
37:24.0,0,66
37:29.0,0,65.9
37:33.7,0,65.7
37:38.6,0,65.7
37:43.6,0,65.9
37:48.6,0,66.2
37:53.6,0,72.4
37:58.6,30,68.9
38:03.6,8.9,66
38:08.6,0,66
38:13.7,0,66
38:18.7,0,65.9
38:23.7,9.5,65.9
38:28.7,0,65.8
38:33.7,38,65.9
38:38.6,0,65.9
38:43.6,0,65.9
38:48.6,0,65.9
38:53.6,0,66
38:58.6,0,66.1
39:03.7,7.4,66.1
39:08.7,7.5,65.9
39:13.7,0,66.3
39:18.7,0,66.3
39:23.7,0,65.9
39:28.7,0,65.9
39:33.7,0,65.9
39:38.7,0,65.8
39:43.7,0,67.6
39:48.7,0,67.4
39:53.7,0,66.8
39:58.7,0,66.6
40:03.7,0,66.4
40:08.7,0,66.3
40:13.7,40,66.5
40:18.7,0,66.7
40:23.7,0,67
40:28.7,8.7,67.7
40:33.7,38,67.9
40:36.4,0,67.8
40:38.7,0,67.6
40:43.7,0,67.4
40:48.7,0,65.4
40:53.7,0,64.7
40:58.7,0,64.8
41:03.7,52,64.8
41:08.7,0,64.7
41:13.7,0,64.7
41:18.7,0,64.7
41:23.7,0,64.5
41:28.7,0,64.6
41:33.7,0,64.9
41:38.7,0,65.2
41:43.7,0,65.3
41:48.7,0,65.3
41:53.7,0,65
41:58.7,0,65
42:03.7,0,65
42:08.7,0,64.9
42:13.7,0,64.8
42:18.7,34,64.6
42:23.7,0,64.6
42:28.7,0,64.6
42:33.7,0,64.7
42:38.7,9.8,65.1
42:43.7,40,65.4
42:48.6,0,65.3
42:53.7,9.3,65.2
42:58.7,0,65.2
43:03.7,55.5,64.5
43:08.7,0,64.4
43:13.7,0,64.4
43:18.7,0,64.3
43:23.7,0,64.3
43:28.7,0,64.3
43:33.6,0,65.1
43:38.7,0,64.9
43:43.7,0,64.8
43:48.7,0,64.8
43:53.6,0,64.8
43:58.6,0,64.8
44:03.6,0,64.9
44:08.6,0,64.8
44:13.6,47,64.8
44:18.6,6.1,64.8
44:23.6,0,64.8
44:28.6,58,64.8
44:33.6,0,65.1
44:38.6,0,65.1
44:43.6,0,64.9
44:48.6,0,64.9
44:53.6,0,64.9
44:58.6,0,64.8
45:03.6,0,64.8
45:08.6,8.3,64.8
45:13.6,0,64.7
45:18.6,0,64.7
45:23.6,6.8,64.8
45:28.7,0,64.7
45:33.6,0,64.7
45:38.6,0,64.6
45:43.6,0,64.6
45:48.6,0,63.9
45:53.6,0,63
45:58.6,0,63
46:03.6,0,63
46:08.6,0,63
46:13.6,0,63
46:18.6,0,63
46:23.6,0,63
46:28.6,0,62.9
46:33.6,7.8,63.1
46:38.6,39.4,63
46:43.6,7.6,63
46:48.6,0,63
46:53.6,7.5,62.8
46:58.6,0,62.9
47:03.6,0,62.9
47:08.6,0,62.8
47:13.6,0,62.9
47:18.6,8,62.8
47:23.6,0,62.9
47:28.6,0,62.9
47:33.6,0,63
47:38.6,0,62.9
47:43.6,0,63
47:48.6,32,62.9
47:53.6,5.1,62.9
47:58.6,0,62.9
48:03.6,0,62.9
48:08.6,0,62.9
48:13.6,7.3,62.9
48:18.6,8.1,62.9
48:23.6,8.2,62.9
48:28.6,0,63.1
48:33.6,0,63.2
48:38.6,0,63
48:43.6,55.4,63
48:48.6,0,62.9
48:53.6,0,62.9
48:58.6,0,62.8
49:03.6,0,63.2
49:08.6,0,63.2
49:13.6,0,63.2
49:18.6,0,63.2
49:23.6,8,63.3
49:28.6,0,63.4
49:33.6,0,63.8
49:38.6,0,63.8
49:43.6,0,63.8
49:48.6,0,64
49:53.6,80,64.2
49:58.6,0,64
50:03.6,6.1,63.4
50:08.6,0,63.5
50:13.6,0,63.5
50:18.6,32,63.3
50:23.6,63.2,63.7
50:28.6,0,63.7
50:33.6,0,63.8
50:38.6,0,63.5
50:43.6,39.5,63.7
50:48.6,0,63.1
50:53.6,0,62.9
50:58.6,59,62.6
51:03.6,75,62.7
51:08.6,7.6,62.5
51:13.6,0,62.7
51:18.6,0,62.2
51:20.9,0,62.2
51:22.9,0,62.4
51:23.6,0,62.5
51:29.1,0,62.4
51:33.6,0,62.7
51:38.6,0,62.3
51:43.6,7.1,63.2
51:48.6,0,63.6
51:53.6,0,63.7
51:58.6,0,63.9
52:03.6,0,63.9
52:08.6,0,63.5
52:13.6,0,63.7
52:18.6,0,63.5
52:23.6,8,63.6
52:28.6,0,63.3
52:33.6,0,63.6
52:38.6,0,63.2
52:43.6,8.1,64.2
52:48.6,8.4,64.5
52:53.6,0,64.5
52:58.6,0,64.3
53:03.6,8.4,64.5
53:08.6,0,63.1
53:13.6,0,63.2
53:18.6,9.2,63.1
53:23.6,0,63
53:28.6,0,62.7
53:33.6,0,63.1
53:38.6,0,63.1
53:43.6,8.2,63.1
53:48.6,0,62.9
53:53.6,0,63.3
53:58.6,0,63.1
54:03.6,0,63.4
54:08.6,0,63.1
54:13.6,37,63.2
54:18.6,0,63
54:23.6,0,63.2
54:28.6,0,62.8
54:33.6,8,62.9
54:38.6,9.9,62.5
54:43.6,0,62.8
54:48.6,0,62.7
54:53.6,0,63
54:58.6,0,62.7
55:03.6,0,63.4
55:08.6,43.2,63
55:13.6,9.7,63.5
55:18.6,0,63.3
55:23.6,0,64.1
55:28.6,0,64.1
55:33.6,0,64.1
55:38.6,0,63.8
55:43.6,0,63.9
55:48.6,0,64.1
55:53.6,45,63.6
55:58.6,31,64.2
56:03.6,0,63.9
56:08.6,0,63.6
56:13.6,0,63.7
56:18.6,0,63.7
56:23.6,0,64
56:28.6,0,63
56:33.6,0,63.4
56:38.6,0,63.1
56:43.6,0,62.9
56:48.6,0,62.7
56:53.6,0,63
56:58.6,0,62.7
57:03.6,0,62.7
57:08.6,0,62.5
57:13.6,0,62.6
57:18.6,0,63
57:23.6,45,63.6
57:28.6,8.3,63.3
57:33.6,0,63.6
57:38.6,0,63.5
57:43.6,0,64
57:48.6,0,64.4
57:53.6,10.1,64.6
57:58.6,8.6,64.3
58:03.6,0,64.4
58:08.6,0,62.8
58:13.6,0,62.8
58:18.6,0,62.6
58:23.6,0,62.8
58:28.6,9.6,62.9
58:33.6,0,63.2
58:38.6,0,63
58:43.6,0,62.8
58:48.6,10,62.6
58:53.6,0,63.7
58:58.6,49,63.7
59:03.6,0,63.9
59:08.6,0,63.9
59:13.6,39,64.6
59:18.6,51,64.4
59:23.6,8.7,64.6
59:28.6,8.7,64.3
59:33.6,0,64.6
59:38.6,10,64.5
59:43.6,0,64.5
59:48.6,53.5,64.3
59:53.6,9.8,64
59:58.6,0,62.7
00:03.6,0,63.3
00:08.6,0,63.1
00:13.6,0,63.2
00:18.6,0,62.6
00:23.6,0,62.7
00:28.6,0,63.1
00:33.6,38,63.3
00:38.6,0,63
00:43.6,0,63.2
00:48.6,0,62.9
00:53.6,0,62.7
00:58.6,0,62.6
01:03.6,0,63.1
01:08.6,0,62.8
01:13.6,53.6,62.9
01:18.6,0,62.6
08:44.6,11.4,74.9
08:44.6,11.4,74.9
08:49.5,6.7,73.9
08:49.5,6.7,73.9
08:54.5,10.7,73.6
08:54.6,10.7,73.6
08:59.5,7.7,74
08:59.5,7.7,74
09:04.5,10.8,74.1
09:04.6,10.8,74.1
09:09.5,10.5,74.3
09:09.5,10.5,74.3
09:14.5,11.7,74.2
09:14.6,11.7,74.2
09:19.5,10.8,73.9
09:19.6,10.8,73.9
09:23.2,16.3,74.5
09:23.2,16.3,74.5
09:24.5,12.6,74
09:24.6,12.6,74
09:26.3,4.7,73.9
09:26.3,4.7,73.9
09:29.5,12.7,74
09:29.6,12.7,74
09:34.5,9.9,74
09:34.5,9.9,74
09:39.5,17.1,74
09:39.6,17.1,74
09:44.5,6.5,74.3
09:44.5,6.5,74.3
09:49.5,12.9,73.4
09:49.5,12.9,73.4
09:54.5,30.4,73.2
09:54.6,30.4,73.2
09:59.5,14.5,73.3
09:59.5,14.5,73.3
10:04.5,19.7,73.1
10:04.5,19.7,73.1
10:09.5,9.6,73.5
10:09.5,9.6,73.5
10:14.5,10.4,73.5
10:14.5,10.4,73.5
10:19.5,7.8,73.7
10:19.5,7.8,73.7
10:23.8,14.4,74
10:23.8,14.4,74
10:24.5,15.6,74.2
10:24.5,15.6,74.2
10:28.1,12.5,73.4
10:28.1,12.5,73.4
10:29.5,11.5,73.5
10:29.5,11.5,73.5
10:30.1,12.1,73.5
10:30.2,12.1,73.5
10:34.5,16.1,74.1
10:34.5,16.1,74.1
10:39.5,3.9,73.2
10:39.5,3.9,73.2
10:44.5,10.3,73.1
10:44.5,10.3,73.1
10:49.5,11.1,73.4
10:49.5,11.1,73.4
10:54.6,24.8,72
10:54.9,24.8,72
10:59.6,9.7,72
10:59.8,9.7,72
11:04.5,5.8,71.9
11:04.5,5.8,71.9
11:09.5,8.9,71.6
11:09.5,8.9,71.6
11:14.5,14.2,72
11:14.5,14.2,72
11:19.5,7.4,72
11:19.5,7.4,72
11:24.5,8.5,72.5
11:24.5,8.5,72.5
11:29.5,6.2,72.3
11:29.5,6.2,72.3
11:29.5,6.3,72.3
11:29.5,6.3,72.3
11:31.2,13.6,72.3
11:31.3,13.6,72.3
11:32.7,13.7,72.4
11:32.8,13.7,72.4
11:34.0,7.1,72.4
11:34.1,7.1,72.4
11:34.5,7,72.4
11:34.5,7,72.4
11:35.3,20.9,71.9
11:35.4,20.9,71.9
11:37.5,7.5,71.8
11:37.6,7.5,71.8
11:39.2,6.5,71.9
11:39.2,6.5,71.9
11:39.5,9.4,72.2
11:39.5,9.4,72.2
11:44.5,5.1,72.2
11:44.5,5.1,72.2
11:49.5,2.7,72
11:49.5,2.7,72
11:54.5,4.5,72.1
11:54.5,4.5,72.1
11:59.5,2.2,71.9
11:59.5,2.2,71.9
12:04.5,4.8,72.1
12:04.5,4.8,72.1
12:09.5,3.6,71.9
12:09.5,3.6,71.9
12:14.5,6.9,71.9
12:14.5,6.9,71.9
12:19.5,5.8,72
12:19.5,5.8,72
12:24.5,9.3,72.3
12:24.5,9.3,72.3
12:29.5,6.7,72.1
12:29.5,6.7,72.1
12:34.5,8.6,72.8
12:34.5,8.6,72.8
12:39.5,2,72.4
12:39.5,2,72.4
12:44.5,14.5,72.6
12:44.5,14.5,72.6
12:49.5,8.4,72
12:49.5,8.4,72
12:54.5,10,72.2
12:54.5,10,72.2
12:59.5,9.7,72.4
12:59.5,9.7,72.4
13:04.5,8.3,72.3
13:04.5,8.3,72.3
13:09.5,10.6,72.1
13:09.5,10.6,72.1
13:14.5,9,72.2
13:14.5,9,72.2
13:19.5,7.9,72
13:19.5,7.9,72
13:24.5,5.4,72
13:24.5,5.4,72
13:44.6,15.1,87.8
13:44.7,15.1,87.8
13:49.6,13,87.8
13:49.6,13,87.8
13:54.6,15,88.4
13:54.7,15,88.4
13:59.6,8.5,88.4
13:59.7,8.5,88.4
14:04.6,10.4,88.2
14:04.7,10.4,88.2
14:09.6,12.5,88.3
14:09.7,12.5,88.3
14:14.6,12.7,88.4
14:14.7,12.7,88.4
14:19.6,9.9,88.4
14:19.7,9.9,88.4
14:24.6,14.2,88.4
14:24.7,14.2,88.4
14:29.6,12.8,88.5
14:29.7,12.8,88.5
14:34.6,14.9,88.4
14:34.7,14.9,88.4
14:39.6,25.1,88.9
14:39.6,25.1,88.9
14:40.4,19.1,89
14:40.4,19.1,89
14:44.6,22.2,88.6
14:44.6,22.2,88.6
14:49.6,21.7,88.6
14:49.7,21.7,88.6
14:54.6,17.8,88.7
14:54.7,17.8,88.7
14:59.6,16.7,88.7
14:59.7,16.7,88.7
15:04.7,21.3,88.7
15:04.7,21.3,88.7
15:09.6,13.1,88.7
15:09.7,13.1,88.7
15:14.6,13,88.7
15:14.6,13,88.7
15:19.6,10.2,88.8
15:19.6,10.2,88.8
15:24.6,9,89.1
15:24.7,9,89.1
15:29.6,12.3,84.4
15:29.6,12.3,84.4
15:34.6,11.7,84.7
15:34.6,11.7,84.7
15:39.6,10.6,84.8
15:39.6,10.6,84.8
15:44.6,11.7,84.5
15:44.6,11.7,84.5
15:49.6,8.3,83
15:49.6,8.3,83
15:54.6,5.8,82.9
15:54.6,5.8,82.9
15:59.6,7.5,83
15:59.6,7.5,83
16:04.6,10,82.9
16:04.7,10,82.9
16:09.6,9.3,82.8
16:09.6,9.3,82.8
16:14.6,15.8,82.8
16:14.7,15.8,82.8
16:19.6,13.2,82.8
16:19.6,13.2,82.8
16:24.6,15,82.8
16:24.6,15,82.8
16:29.6,8.1,82.9
16:29.6,8.1,82.9
16:34.6,12.7,82.9
16:34.6,12.7,82.9
16:39.6,12.7,83.3
16:39.6,12.7,83.3
16:44.6,11.6,83.2
16:44.6,11.6,83.2
16:49.6,29.4,84.3
16:49.6,29.4,84.3
16:54.6,4,84.6
16:54.6,4,84.6
16:59.6,12.8,84.5
16:59.6,12.8,84.5
17:04.6,10,84.3
17:04.6,10,84.3
17:09.6,10.8,84.2
17:09.6,10.8,84.2
17:14.6,16,84.6
17:14.6,16,84.6
17:19.6,10.1,84.7
17:19.6,10.1,84.7
17:24.6,24.4,84.3
17:24.7,24.4,84.3
17:29.6,24.1,84.3
17:29.6,24.1,84.3
17:34.6,13.2,84.1
17:34.6,13.2,84.1
17:39.6,15.5,84
17:39.6,15.5,84
17:44.6,17.2,83.9
17:44.6,17.2,83.9
17:49.6,10.3,84
17:49.6,10.3,84
17:54.6,4.6,84
17:54.6,4.6,84
17:59.6,11.3,83.9
17:59.6,11.3,83.9
18:04.6,13.1,84.1
18:04.6,13.1,84.1
18:09.6,16,84.6
18:09.6,16,84.6
18:14.6,17.1,84.7
18:14.6,17.1,84.7
18:19.6,11.3,84.7
18:19.6,11.3,84.7
18:24.6,13.8,85
18:24.6,13.8,85
18:29.6,11.9,85.4
18:29.6,11.9,85.4
18:34.6,11.7,86.1
18:34.6,11.7,86.1
18:39.6,8.3,86.1
18:39.6,8.3,86.1
18:44.6,19.7,84.2
18:44.6,19.7,84.2
18:49.6,11.4,84
18:49.6,11.4,84
18:54.6,11.8,83.8
18:54.6,11.8,83.8
18:59.6,15.4,84
18:59.6,15.4,84
19:04.6,10.9,83.9
19:04.6,10.9,83.9
19:09.6,5.9,83.8
19:09.6,5.9,83.8
19:14.6,8.9,83.8
19:14.6,8.9,83.8
19:19.6,6.9,83.8
19:19.6,6.9,83.8
19:24.6,13.9,83.8
19:24.6,13.9,83.8
19:29.6,14,84.4
19:29.6,14,84.4
19:34.6,9,84.2
19:34.6,9,84.2
19:39.6,7.9,84.2
19:39.6,7.9,84.2
19:44.6,5.1,84.1
19:44.6,5.1,84.1
19:49.6,12,84.2
19:49.7,12,84.2
19:54.6,13.1,84.1
19:54.6,13.1,84.1
19:59.6,9.5,84.1
19:59.6,9.5,84.1
20:04.6,5.5,83.5
20:04.6,5.5,83.5
20:09.6,12.6,83.6
20:09.6,12.6,83.6
20:14.6,37.8,84.2
20:14.6,37.8,84.2
20:19.6,14.3,84.2
20:19.6,14.3,84.2
20:24.6,16.5,83.6
20:24.6,16.5,83.6
20:29.6,8,83.6
20:29.6,8,83.6
20:34.6,10.4,83.6
20:34.6,10.4,83.6
20:39.6,14.3,83.5
20:39.6,14.3,83.5
20:44.6,9.1,83.4
20:44.6,9.1,83.4
20:49.6,11.2,83.4
20:49.6,11.2,83.4
20:54.6,13.2,83.4
20:54.6,13.2,83.4
20:59.6,8.6,83.4
20:59.6,8.6,83.4
21:04.6,13.2,83.4
21:04.6,13.2,83.4
21:09.6,12.2,83.2
21:09.6,12.2,83.2
21:14.6,7.6,83.2
21:14.6,7.6,83.2
21:19.6,10.3,83.2
21:19.6,10.3,83.2
21:24.6,4.9,83.2
21:24.6,4.9,83.2
21:29.6,12.4,83.3
21:29.6,12.4,83.3
21:34.6,14.1,83.4
21:34.6,14.1,83.4
21:39.6,14.2,83.2
21:39.6,14.2,83.2
21:44.6,18,83.2
21:44.6,18,83.2
21:49.6,13.3,83.2
21:49.6,13.3,83.2
21:54.6,7.2,83.2
21:54.6,7.2,83.2
21:59.6,12.4,83.2
21:59.6,12.4,83.2
22:04.6,7.2,83.2
22:04.6,7.2,83.2
22:09.6,6.5,83.2
22:09.6,6.5,83.2
22:14.6,18.4,83.2
22:14.6,18.4,83.2
22:19.6,18.9,82.3
22:19.6,18.9,82.3
22:24.6,18.2,81.2
22:24.6,18.2,81.2
22:29.6,7.3,81.3
22:29.6,7.3,81.3
24:04.6,6.7,76.7
24:04.8,6.7,76.7
24:09.6,12.3,76.7
24:10.8,12.3,76.7
24:14.6,15.2,76.6
24:14.9,15.2,76.6
24:19.3,13.7,76.7
24:19.5,13.7,76.7
24:19.6,10.7,76.8
24:19.9,10.7,76.8
24:24.6,16.1,76.7
24:24.8,16.1,76.7
24:29.6,12,76.5
24:29.8,12,76.5
24:34.6,11.6,76.7
24:34.9,11.6,76.7
24:39.6,10.1,76.6
24:39.9,10.1,76.6
24:44.6,6.4,76.4
24:44.9,6.4,76.4
24:49.6,12.9,76.2
24:49.9,12.9,76.2
24:54.6,16.4,76.3
24:54.8,16.4,76.3
24:59.6,22.6,76.3
24:59.9,22.6,76.3
25:04.6,24.7,76.7
25:04.9,24.7,76.7
25:09.6,12.4,76.9
25:09.8,12.4,76.9
25:14.6,8.8,76.3
25:14.8,8.8,76.3
25:19.6,10.8,76.1
25:19.9,10.8,76.1
25:24.6,19,75.9
25:24.8,19,75.9
25:29.6,23.1,77
25:29.8,23.1,77
25:34.6,27.6,77.4
25:34.9,27.6,77.4
25:39.6,19.9,77.2
25:39.8,19.9,77.2
25:44.6,18.3,77.4
25:44.8,18.3,77.4
25:49.6,18.5,77.8
25:49.8,18.5,77.8
25:54.6,36.9,78.3
25:54.8,36.9,78.3
25:59.6,26,77.9
25:59.8,26,77.9
26:04.6,25.4,78.3
26:04.8,25.4,78.3
26:09.6,26.4,78.5
26:09.8,26.4,78.5
26:14.6,14.4,78.8
26:14.8,14.4,78.8
26:19.6,5.5,78.8
26:19.9,5.5,78.8
26:24.6,26.2,78.1
26:24.8,26.2,78.1
26:29.6,17.4,77.4
26:29.8,17.4,77.4
26:34.6,11.9,77.5
26:34.8,11.9,77.5
26:39.6,7.3,77.5
26:39.8,7.3,77.5
26:44.6,10.1,77.5
26:44.8,10.1,77.5
26:49.6,6.1,77.4
26:49.9,6.1,77.4
26:54.6,10.8,77.4
26:54.8,10.8,77.4
26:59.6,13.4,77
26:59.8,13.4,77
27:04.6,6.1,76.9
27:04.8,6.1,76.9
27:09.6,15.3,76.9
27:09.9,15.3,76.9
27:14.6,15.6,76.9
27:14.8,15.6,76.9
27:19.6,8.5,76.8
27:19.8,8.5,76.8
27:24.6,13.5,76.9
27:24.8,13.5,76.9
27:29.6,11.7,77.3
27:29.8,11.7,77.3
27:34.6,9.1,77.4
27:34.8,9.1,77.4
27:39.6,5,77.4
27:39.9,5,77.4
27:44.6,4,77.4
27:44.9,4,77.4
27:49.6,12.3,77.5
27:49.8,12.3,77.5
27:54.6,9.7,77.5
27:54.9,9.7,77.5
27:59.6,8.5,77.5
27:59.8,8.5,77.5
28:04.6,11.9,77.5
28:04.8,11.9,77.5
28:09.5,8.6,77.5
28:09.8,8.6,77.5
28:14.6,8.2,77.5
28:14.8,8.2,77.5
28:19.5,11.3,77.5
28:19.8,11.3,77.5
28:24.6,23.4,77.9
28:24.8,23.4,77.9
28:29.5,8,78.1
28:29.8,8,78.1
28:34.5,8.8,78.1
28:34.8,8.8,78.1
28:39.6,13,78
28:39.9,13,78
28:44.6,60.3,81.3
28:44.9,60.3,81.3
28:49.5,55.8,87.3
28:49.9,55.8,87.3
28:56.8,27.6,90
28:57.2,27.6,90
28:59.6,12.6,89.9
28:59.8,12.6,89.9
29:04.6,12.7,89.7
29:04.9,12.7,89.7
29:09.6,6.3,89.3
29:09.8,6.3,89.3
29:14.6,23.2,88.1
29:14.8,23.2,88.1
29:19.5,32.1,88.4
29:19.8,32.1,88.4
29:24.5,17.8,88.1
29:24.9,17.8,88.1
29:29.5,20.5,87.9
29:29.8,20.5,87.9
29:34.5,10.5,87.9
29:34.8,10.5,87.9
29:39.6,24.8,88
29:44.6,16.6,88.4
29:44.8,16.6,88.4
29:50.8,20.7,89.3
29:51.1,20.7,89.3
29:54.6,40,88.7
29:54.9,40,88.7
30:09.5,22.6,88.5
30:09.7,22.6,88.5
30:14.5,39.9,89
30:14.7,39.9,89
30:19.5,31.1,87.7
30:19.8,31.1,87.7
30:24.5,27.7,87.5
30:24.8,27.7,87.5
30:25.8,33.4,87.6
30:26.1,33.4,87.6
30:29.5,26.8,87.6
30:29.6,25.5,87.6
30:29.9,26.8,87.6
30:30.0,25.5,87.6
30:34.2,18,87.4
30:34.5,18,87.4
30:34.5,20.8,87.4
30:34.8,20.8,87.4
30:38.1,15.6,87.8
30:38.3,15.6,87.8
30:39.5,18.2,87.8
30:39.8,18.2,87.8
30:41.4,22,87.8
30:41.7,22,87.8
30:44.5,19.1,87.7
30:44.8,19.1,87.7
30:45.0,17.9,87.8
30:45.3,17.9,87.8
30:48.4,21.9,88.3
30:48.7,21.9,88.3
30:49.5,24.8,88.3
30:49.8,24.8,88.3
30:52.7,24.8,88.6
30:53.0,24.8,88.6
30:54.5,28,88.7
30:54.8,28,88.7
30:59.5,18.9,88.7
30:59.8,18.9,88.7
31:04.5,12.8,88.5
31:04.9,12.8,88.5
31:09.5,14.5,88.4
31:09.8,14.5,88.4
31:14.5,20.4,87.8
31:14.8,20.4,87.8
31:19.5,20.1,87.1
31:19.9,20.1,87.1
31:24.5,18.4,86.9
31:24.8,18.4,86.9
31:29.5,13.6,86.8
31:29.8,13.6,86.8
31:34.5,11.4,87
31:34.9,11.4,87
31:39.5,10,87.2
31:39.8,10,87.2
31:44.5,9.1,87.1
31:44.8,9.1,87.1
31:49.5,12.7,87
31:49.9,12.7,87
31:54.5,13.1,87.8
31:54.8,13.1,87.8
31:59.5,22.6,87.9
31:59.8,22.6,87.9
32:04.5,12.2,87.9
32:04.8,12.2,87.9
32:09.5,13.6,88.3
32:09.8,13.6,88.3
32:14.5,8.8,88.9
32:14.8,8.8,88.9
32:19.5,12.7,88.9
32:19.8,12.7,88.9
32:24.5,9.5,88.9
32:24.8,9.5,88.9
32:29.5,11.3,87.1
32:29.8,11.3,87.1
32:34.5,5.1,87
32:34.8,5.1,87
32:39.5,10.9,87
32:39.8,10.9,87
32:44.5,16.7,86.9
32:44.8,16.7,86.9
32:49.5,13.7,86.9
32:49.8,13.7,86.9
32:54.5,9.3,86.9
32:54.8,9.3,86.9
32:59.5,7.4,86.8
32:59.8,7.4,86.8
33:04.5,9.3,86.8
33:04.9,9.3,86.8
33:09.5,10.1,86.6
33:09.8,10.1,86.6
33:14.5,9.9,86.5
33:14.8,9.9,86.5
33:19.5,12.5,86.5
33:19.8,12.5,86.5
33:24.6,9.5,86.6
33:24.9,9.5,86.6
33:29.5,13.8,86.7
33:29.8,13.8,86.7
33:34.5,7.2,86.7
33:34.8,7.2,86.7
33:39.5,9.4,86.7
33:39.7,9.4,86.7
33:44.5,17.9,86.7
33:44.8,17.9,86.7
33:49.5,13.9,86.9
33:49.8,13.9,86.9
33:54.5,23.6,86.9
33:54.7,23.6,86.9
33:59.5,16.6,86.9
33:59.8,16.6,86.9
34:04.5,29.9,87
34:04.8,29.9,87
34:09.5,19.8,87.1
34:09.8,19.8,87.1
34:14.5,9.8,86.8
34:14.9,9.8,86.8
34:19.5,11.9,86.9
34:19.8,11.9,86.9
34:24.5,14.9,87
34:24.8,14.9,87
34:29.5,14.2,87.1
34:29.8,14.2,87.1
34:34.5,9.9,87
34:34.8,9.9,87
34:39.5,10.6,87
34:39.8,10.6,87
34:44.5,15.4,86.9
34:44.8,15.4,86.9
34:49.5,16.7,87
34:49.8,16.7,87
34:54.5,9.8,87
34:54.8,9.8,87
34:59.5,13.2,87
34:59.8,13.2,87
35:04.5,5.9,87
35:04.9,5.9,87
35:09.6,16.7,84.8
35:09.8,16.7,84.8
35:14.5,8.7,84.9
35:14.8,8.7,84.9
35:19.5,24.1,84.8
35:19.8,24.1,84.8
35:24.5,11.8,84.9
35:24.8,11.8,84.9
35:29.5,17.8,85
35:29.8,17.8,85
35:34.5,10.2,85
35:34.8,10.2,85
35:39.5,15.9,85
35:39.8,15.9,85
35:44.5,15.2,85
35:44.7,15.2,85
35:49.5,13.3,84.9
35:49.8,13.3,84.9
35:54.5,29.4,85.4
35:54.8,29.4,85.4
35:59.5,29.9,85.6
35:59.8,29.9,85.6
36:04.5,13.8,85.7
36:04.8,13.8,85.7
36:09.5,22.5,85.8
36:09.8,22.5,85.8
36:14.5,20.9,85.7
36:14.8,20.9,85.7
36:19.5,34,85.8
36:19.8,34,85.8
36:24.5,24.5,85.8
36:24.8,24.5,85.8
36:29.5,19,85.9
36:29.8,19,85.9
36:34.5,22.5,85.7
36:34.8,22.5,85.7
36:39.5,28.1,85.8
36:39.8,28.1,85.8
36:44.5,26.7,85.8
36:44.8,26.7,85.8
36:49.5,42.8,86.6
36:49.9,42.8,86.6
36:54.5,40.2,85.6
36:54.8,40.2,85.6
36:59.5,27,86.9
36:59.8,27,86.9
37:04.5,27.9,87.1
37:04.8,27.9,87.1
37:09.5,17.2,87
37:09.8,17.2,87
37:14.5,20.4,86.7
37:14.8,20.4,86.7
37:19.5,21.6,86.9
37:19.8,21.6,86.9
37:24.5,9.8,86.7
37:24.8,9.8,86.7
37:29.5,25.9,87.7
37:29.7,25.9,87.7
37:34.5,12.1,87.1
37:34.8,12.1,87.1
37:39.5,18.2,87.2
37:39.8,18.2,87.2
37:44.5,29.7,87.5
37:44.8,29.7,87.5
37:49.5,23.3,88.2
37:49.8,23.3,88.2
37:54.5,26.8,87.3
37:54.9,26.8,87.3
37:59.5,22.1,87.4
37:59.8,22.1,87.4
38:04.5,14.8,86.9
38:04.8,14.8,86.9
38:09.5,19,87.8
38:09.8,19,87.8
38:14.6,20,87.6
38:14.8,20,87.6
38:19.5,24.5,87.8
38:19.8,24.5,87.8
38:24.5,16.7,87.9
38:24.8,16.7,87.9
38:29.5,17.8,88.1
38:29.8,17.8,88.1
38:34.5,15.6,88
38:34.8,15.6,88
38:39.5,13.8,88.7
38:39.8,13.8,88.7
38:44.5,20.1,86.5
38:44.8,20.1,86.5
38:49.5,9.4,86.7
38:49.8,9.4,86.7
38:54.5,10.7,87.7
38:54.8,10.7,87.7
38:59.5,27.8,87.9
38:59.8,27.8,87.9
39:04.5,17.8,87.8
39:04.7,17.8,87.8
39:09.5,12.4,87.7
39:09.8,12.4,87.7
39:14.5,29.3,87.8
39:14.8,29.3,87.8
39:19.5,16.8,88.2
39:19.8,16.8,88.2
39:24.5,13.5,87.9
39:24.8,13.5,87.9
39:29.5,7.8,86.3
39:29.8,7.8,86.3
39:34.5,6.7,85.9
39:34.8,6.7,85.9
39:39.5,9.4,86.1
39:39.8,9.4,86.1
39:44.5,9.1,86.4
39:44.8,9.1,86.4
39:49.5,5.9,86.4
39:49.7,5.9,86.4
39:54.5,8,86
39:54.8,8,86
39:59.5,11.1,85.7
39:59.8,11.1,85.7
40:04.5,7.5,85.6
40:04.8,7.5,85.6
40:09.5,24.5,84.4
40:09.7,24.5,84.4
40:14.5,27.5,83.9
40:14.8,27.5,83.9
40:19.5,14.4,83.8
40:19.8,14.4,83.8
40:24.5,11.6,82.9
40:24.7,11.6,82.9
40:29.5,9,83.1
40:29.8,9,83.1
40:34.5,7.4,82.9
40:34.8,7.4,82.9
40:39.5,10.2,83
40:39.8,10.2,83
40:44.5,8.6,82.9
40:44.8,8.6,82.9
40:49.5,7.7,83.1
40:49.8,7.7,83.1
40:54.5,11,82.9
40:54.7,11,82.9
40:59.5,5.2,83.1
40:59.8,5.2,83.1
41:04.5,8.1,82.9
41:04.8,8.1,82.9
41:09.5,10.2,83.1
41:09.8,10.2,83.1
41:14.5,12.8,83.5
41:14.8,12.8,83.5
41:19.5,12.3,83.7
41:19.7,12.3,83.7
41:24.5,13,83.3
41:24.8,13,83.3
41:29.5,18.6,83.5
41:29.8,18.6,83.5
41:34.5,13.7,83.4
41:34.7,13.7,83.4
41:39.5,10.9,83.5
41:39.8,10.9,83.5
41:44.5,7.9,83.2
41:44.8,7.9,83.2
41:49.5,7.9,83.4
41:49.7,7.9,83.4
41:54.5,12.4,83.2
41:54.8,12.4,83.2
41:59.5,12.6,83.4
41:59.8,12.6,83.4
42:04.5,11.2,83.2
42:04.8,11.2,83.2
42:09.5,10.7,83.4
42:09.7,10.7,83.4
42:14.5,12.2,83.3
42:14.8,12.2,83.3
42:19.5,16.3,83.4
42:19.7,16.3,83.4
42:24.5,10,83.2
42:24.7,10,83.2
42:29.5,8.5,83.5
42:29.8,8.5,83.5
42:34.5,16.6,83.4
42:34.7,16.6,83.4
42:39.5,16.8,83.2
42:39.7,16.8,83.2
42:44.5,16.1,83.2
42:44.8,16.1,83.2
42:49.5,17.5,84.1
42:49.8,17.5,84.1
42:54.5,17,84
42:54.8,17,84
42:59.5,25.2,84.6
42:59.8,25.2,84.6
43:04.5,10.7,85.7
43:04.8,10.7,85.7
43:09.5,13.8,86.4
43:09.7,13.8,86.4
43:14.5,8,85.8
43:14.8,8,85.8
43:19.5,9.1,86.1
43:19.9,9.1,86.1
43:24.5,14.6,84.8
43:24.7,14.6,84.8
43:29.5,11.5,85
43:29.7,11.5,85
43:34.5,20.8,85.7
43:34.7,20.8,85.7
43:39.5,12.8,86
43:39.8,12.8,86
43:44.5,15.5,85.8
43:44.7,15.5,85.8
43:49.5,16,84.4
43:49.8,16,84.4
43:54.5,12.9,84.4
43:54.8,12.9,84.4
43:59.5,5.8,84.7
43:59.8,5.8,84.7
44:04.5,18.9,84.3
44:04.7,18.9,84.3
44:09.5,22.8,84.6
44:09.8,22.8,84.6
44:14.5,16.6,85
44:14.7,16.6,85
44:19.5,13.7,85.7
44:19.7,13.7,85.7
44:24.5,18,85.2
44:24.8,18,85.2
44:29.5,17.3,86.4
44:29.8,17.3,86.4
44:34.5,24.3,86
44:34.7,24.3,86
44:39.5,26.2,85.9
44:39.8,26.2,85.9
44:44.5,14.1,85.5
44:44.7,14.1,85.5
44:49.5,12.2,85.4
44:49.7,12.2,85.4
44:54.5,13,85
44:54.8,13,85
44:59.5,13.5,85
44:59.7,13.5,85
45:04.5,14.6,84.7
45:04.7,14.6,84.7
45:09.5,12.1,84.8
45:09.8,12.1,84.8
45:14.5,11.9,83.8
45:14.7,11.9,83.8
45:19.5,5.8,83.9
45:19.7,5.8,83.9
45:24.5,12.4,83.8
45:24.7,12.4,83.8
45:29.5,14.5,83.9
45:29.8,14.5,83.9
45:34.5,16.3,83.7
45:34.7,16.3,83.7
45:39.5,4.4,83.8
45:39.7,4.4,83.8
45:44.5,11.7,83.8
45:44.7,11.7,83.8
45:49.5,9.6,83.9
45:49.8,9.6,83.9
45:54.5,7.8,83.9
45:54.7,7.8,83.9
45:59.5,6.5,84
45:59.8,6.5,84
46:04.5,8.8,84
46:04.8,8.8,84
46:09.5,7.7,84.1
46:09.7,7.7,84.1
46:14.5,10.2,83.7
46:14.7,10.2,83.7
46:19.5,5.4,83.9
46:19.7,5.4,83.9
46:24.5,4.4,83.6
46:24.8,4.4,83.6
46:29.5,8.8,83.9
46:29.7,8.8,83.9
46:34.5,9.6,83.7
46:34.7,9.6,83.7
46:39.5,17.5,83.9
46:39.8,17.5,83.9
46:44.5,11.8,83.7
46:44.8,11.8,83.7
46:49.5,17.2,83.8
46:49.7,17.2,83.8
46:54.5,10.4,83.6
46:54.8,10.4,83.6
46:59.5,18.2,84.8
46:59.7,18.2,84.8
47:04.5,5.3,85.4
47:04.7,5.3,85.4
47:09.5,13.7,85.3
47:09.8,13.7,85.3
47:14.5,9.6,85.3
47:14.7,9.6,85.3
47:19.5,18.2,85.1
47:19.8,18.2,85.1
47:24.5,7,84.9
47:24.8,7,84.9
47:29.5,5.4,85
47:29.8,5.4,85
47:34.5,8.6,83.7
47:34.7,8.6,83.7
47:39.5,9.5,83.8
47:39.8,9.5,83.8
47:44.5,8.6,83.7
47:44.7,8.6,83.7
47:49.5,13.3,83.7
47:49.8,13.3,83.7
47:54.5,16.7,83.6
47:54.8,16.7,83.6
47:59.5,14.9,83.9
47:59.7,14.9,83.9
48:04.5,13,83.8
48:04.7,13,83.8
48:09.5,7.4,83.9
48:09.7,7.4,83.9
48:14.5,14.8,84.1
48:14.8,14.8,84.1
48:19.5,10.1,84.2
48:19.7,10.1,84.2
48:24.5,15.9,83.7
48:24.8,15.9,83.7
48:29.5,11.7,83.6
48:29.7,11.7,83.6
48:34.5,23.4,83.5
48:34.8,23.4,83.5
48:39.5,12,83.6
48:39.7,12,83.6
48:44.5,14.7,83.4
48:44.8,14.7,83.4
48:49.4,17.1,83.6
48:49.7,17.1,83.6
48:54.5,6,83.4
48:54.7,6,83.4
48:59.5,11.8,83.3
48:59.8,11.8,83.3
49:04.5,8.6,83.2
49:04.6,8.6,83.2
49:09.4,17.8,83.9
49:09.8,17.8,83.9
49:14.5,21.1,83.9
49:14.7,21.1,83.9
49:19.5,19.9,84.3
49:19.7,19.9,84.3
49:24.4,12.9,84.5
49:24.8,12.9,84.5
49:29.4,18.8,85
49:29.8,18.8,85
49:34.4,14.7,85
49:34.7,14.7,85
49:39.4,14.7,85.4
49:39.7,14.7,85.4
49:44.4,10.8,85.3
49:44.7,10.8,85.3
49:49.4,12.4,85.5
49:49.7,12.4,85.5
49:54.4,20.2,85.8
49:54.7,20.2,85.8
49:59.4,15.5,84.5
49:59.7,15.5,84.5
50:04.5,12.3,83.9
50:04.7,12.3,83.9
50:09.4,10.3,83.8
50:09.7,10.3,83.8
50:14.4,31.5,84.8
50:14.7,31.5,84.8
50:19.4,11.5,83.5
50:19.7,11.5,83.5
50:24.4,22.3,84.4
50:24.8,22.3,84.4
50:29.4,15.6,84.6
50:29.7,15.6,84.6
50:34.4,13.6,84.5
50:34.8,13.6,84.5
50:39.4,22.1,85.1
50:39.8,22.1,85.1
50:44.4,8.1,84.8
50:44.7,8.1,84.8
50:49.4,15.2,84.6
50:49.6,15.2,84.6
50:54.4,18.7,84.5
50:54.7,18.7,84.5
51:04.4,15,84.6
51:04.6,15,84.6
51:09.4,18.7,84.8
51:09.8,18.7,84.8
51:16.9,17.3,84.6
51:17.2,17.3,84.6
51:19.4,11.2,84.7
51:19.7,11.2,84.7
51:24.4,7.1,84.3
51:24.8,7.1,84.3
51:29.4,21,84.5
51:29.7,21,84.5
51:34.4,7.8,84.3
51:34.7,7.8,84.3
51:39.4,17.7,84.5
51:39.7,17.7,84.5
51:44.4,14.4,84.5
51:44.7,14.4,84.5
51:49.5,31.9,84.7
51:49.7,31.9,84.7
51:54.4,17.5,84.7
51:54.7,17.5,84.7
51:59.4,16.6,84.7
51:59.7,16.6,84.7
52:04.4,8.7,84.5
52:04.7,8.7,84.5
52:09.4,18.2,84.7
52:09.8,18.2,84.7
52:14.5,10.2,84.8
52:14.7,10.2,84.8
52:19.4,17.4,85
52:19.7,17.4,85
52:24.4,10.9,85
52:24.8,10.9,85
52:29.4,13.5,84.8
52:29.7,13.5,84.8
52:34.4,14.5,83.9
52:34.7,14.5,83.9
57:24.4,6.2,82.4
57:29.5,28.9,83
57:34.4,6.8,82.9
57:39.4,25.5,83.2
57:39.5,26.6,83.2
57:44.4,13.1,82.8
57:49.4,22.4,83.2
57:54.4,7.9,82.9
57:59.4,17,82.9
58:04.4,9.4,82.6
58:09.4,29.1,83.6
58:14.4,16.3,83.4
58:19.4,26.9,83.6
58:24.4,12.5,83.4
58:29.4,32,83.1
58:34.4,18.7,83.4
58:39.4,30.4,83.6
58:44.4,13.4,83.3
58:49.4,28.2,83
58:54.4,6.4,83
58:59.4,15.5,83
59:04.4,3.8,82.6
59:09.4,30.2,82.8
59:14.4,24.1,87.3
59:19.4,47,90.6
59:24.4,31,80.9
59:29.4,25.5,81.5
59:34.4,6.4,81.6
59:39.4,24.2,82.7
59:44.4,22.8,81.8
59:49.4,40.7,80.5
59:54.4,21,81.9
59:59.4,30.9,82
00:04.4,24,82.6
00:09.4,26.5,83.4
03:54.6,10.5,84.6
03:59.6,24,84.9
04:04.6,12.2,84.8
04:09.6,28.4,85.1
04:14.6,15.4,85.2
04:19.6,25.1,86.1
04:24.6,13.5,85.3
04:29.6,26.1,85.5
04:34.6,9.5,85.8
04:39.6,18.7,85.9
04:44.6,12.7,85.5
04:49.6,30.5,86.3
04:54.6,20.6,86.2
04:59.6,35.6,86.4
05:04.6,24.5,86.1
05:09.6,29,86.3
05:14.6,18.5,85.7
05:19.6,25.3,85.7
05:24.6,17.6,85.8
05:29.6,29,86.1
05:34.6,21,85.8
05:39.6,26,86.1
05:44.6,13.6,85.8
05:49.6,22.8,86
05:54.6,32.4,86.6
05:59.6,20.2,86.8
06:04.6,12.1,86.4
06:09.6,44.5,86.9
06:14.6,18.1,86.9
06:19.6,20.4,87.1
06:24.6,24.2,86.7
06:29.6,33.1,86.7
06:34.6,20.4,86.6
06:39.6,23.2,86.7
06:41.3,16.5,87.1
06:44.6,11.2,86.5
06:46.2,13.5,86.5
06:49.6,21.7,86.4
06:49.7,25,86.4
06:54.6,10.7,86.1
06:57.3,13.5,86.1
06:59.6,17.8,86.4
07:01.3,18.2,86.3
07:04.7,22.2,86.2
07:09.6,23.1,86.4
07:14.6,20.2,86.2
07:17.7,15.1,86.2
07:19.6,24.9,86.4
07:24.6,17.4,86.2
07:26.4,14.7,85.9
07:28.9,17.8,85.7
07:29.6,29.5,86.1
07:34.6,15.2,86.7
07:39.6,26.1,86.8
07:44.6,11.9,86.3
07:49.6,24.5,86.3
07:54.6,11.5,86.1
07:59.6,20.7,86.5
08:04.6,18.2,86.3
08:09.6,21.7,86.6
08:14.6,12.9,86.3
08:19.6,14.7,86.2
08:24.6,6.8,85.9
08:29.6,16,86.3
08:34.6,5,86.1
08:39.6,24.1,86.1
08:44.6,8.8,85.9
08:49.6,18.9,85.9
08:54.6,6.9,85.5
08:59.6,22.2,86.6
09:04.6,10.6,86.7
09:09.6,30.4,87.2
09:14.6,12.2,86.9
09:19.6,17.6,87.2
09:24.6,11.2,87
09:29.7,15,86.3
09:34.6,22.3,86.2
09:39.6,25,85.7
09:44.6,10.6,85.5
09:49.6,20.2,85.9
09:54.6,7.7,85.6
09:59.6,11.6,85.7
10:04.6,8.5,85.4
10:09.6,23.2,86.1
10:14.6,13.7,86.6
10:19.6,18.1,88
10:24.6,25.8,89.3
10:29.6,18.3,83.9
10:34.6,11.3,84.1
10:39.6,11.8,83.6
10:44.6,4.7,82.7
10:49.6,8.6,83
10:54.6,8,82.9
10:59.6,10.4,83.4
11:04.6,8.5,83.6
11:09.6,14.5,83.7
11:14.6,20.3,83
11:19.6,15.6,83.2
11:24.6,10.2,83
11:29.6,13.8,83.1
11:34.6,7.8,83.1
11:39.6,13,83.4
11:44.6,12.8,83.5
11:49.6,7.2,83.4
11:54.6,11.4,83.4
11:59.6,13.4,83.8
12:04.6,19,84.5
12:09.6,9.6,84.5
12:14.6,6.4,84.4
12:19.6,10.5,84.1
12:24.6,4.3,83.8
12:29.6,8.6,83.4
12:34.6,9.8,83.9
12:39.6,22.2,83.9
12:44.6,14.2,83.9
12:49.6,13.4,84
12:54.6,7.4,83.8
12:59.6,9.1,83.9
13:04.6,8.2,83.6
13:09.6,9.4,83.8
13:14.6,10.7,83.5
13:19.6,11.5,83.5
13:24.6,8.6,83.5
13:34.6,10.2,83.5
13:39.6,7.8,83.6
13:40.3,23.5,83.7
13:44.6,9.8,83.5
13:49.6,11.9,83.7
13:54.6,9.3,83.7
13:59.6,11.1,83.8
14:04.6,11.5,83.9
14:09.6,11.8,83.6
14:14.6,11.4,83.6
14:19.6,8.1,83.8
14:24.6,9.5,83.9
14:29.6,22.4,85.2
14:34.6,11.6,85.4
14:39.6,11.4,85.6
14:44.6,10.9,85.5
14:49.6,10.3,85.1
14:54.6,12.5,85.2
14:59.6,30.8,85.7
15:04.6,23.7,85.7
15:09.6,23.7,84.9
15:14.6,14.6,85.4
15:19.6,11.6,84.9
15:24.6,11.4,84.5
15:29.5,14.4,84.6
15:34.6,14.8,84.9
15:39.6,13.7,83.2
15:44.6,9.5,83.1
15:49.6,11.8,82.9
15:54.6,9.5,82.7
15:59.6,7.1,82.7
16:04.6,6.7,82.6
16:09.6,13.5,82.8
16:14.6,6.9,82.8
16:19.6,8.3,82.8
16:24.6,11.1,82.8
16:29.6,11.3,82.7
16:34.6,7.2,82.7
16:39.6,9.6,82.9
16:44.6,7.2,82.7
16:49.5,9.1,82.6
16:54.5,8.7,82.6
16:59.6,10.5,82.6
17:04.5,10.2,82.7
17:09.6,12.5,82.8
17:14.6,12.7,82.7
17:19.6,11.8,82.3
17:24.5,7.8,82.5
17:29.5,15.3,81.5
17:34.6,6.4,81.5
17:39.6,8.7,81.4
17:44.5,7.7,81.5
17:49.5,11.2,81.5
17:54.6,6.7,81.7
17:55.2,10.1,81.7
17:59.6,10,81.8
18:04.6,8.7,81.7
18:04.9,12.9,81.7
18:09.5,9.8,81.8
18:14.5,7.2,81.8
18:19.6,7.5,81.9
18:24.5,8.5,81.9
18:29.6,12.2,81.7
18:34.5,6.5,81.6
18:39.6,11.6,81.6
18:44.5,15.1,81.7
18:49.3,12.5,81.8
18:49.5,15.5,81.9
18:52.8,18.5,81.6
18:54.5,9.9,81.6
18:59.5,10.1,81.6
19:00.4,27.6,81.8
19:04.5,10.6,81.8
19:09.5,11.9,82.1
19:14.5,9.5,82
19:19.5,9.4,81.7
19:24.5,7.3,81.7
19:29.5,10.7,81.7
19:34.5,8.3,82.2
19:39.5,18.3,81.7
19:44.5,5.6,81.6
19:49.6,12.3,81.8
19:54.5,4.4,81.8
19:59.5,15.6,81.7
20:04.5,8.4,81.8
20:09.5,14.8,81.8
20:14.5,9.4,81.5
20:19.5,12.6,81.6
20:24.5,8.2,81.5
20:29.5,13.8,81.6
20:34.5,7.7,81.6
20:39.5,13.3,81.7
20:44.5,12.2,81.7
20:49.5,8.2,81.8
20:54.5,36.9,82.6
20:59.5,11.7,82.6
21:04.5,30.5,82.9
21:09.5,8.8,83.1
21:14.5,7.5,83
21:19.5,14.5,83.3
21:24.5,12.6,83.5
21:29.5,15.8,83.4
21:34.5,14.2,83.6
21:39.5,16.6,83.5
21:44.5,11.9,83
21:49.5,9.1,82.8
21:54.5,11.8,82.6
21:59.5,7.3,82.8
22:04.5,9.4,83
22:09.5,6.9,82.9
22:14.5,6.5,82.6
22:19.5,8.4,82.6
22:24.5,49.4,82.9
22:29.6,19.7,83.8
22:34.5,9.4,82.6
22:39.5,6.8,82.5
22:44.5,6.7,82.3
22:49.5,6.3,82.5
22:54.5,10.1,82.3
22:59.5,8.9,82.4
23:04.5,9.1,82.4
23:09.5,11.6,82.4
23:14.5,16.9,82.4
23:19.5,12.1,82.5
23:24.5,17.3,82.6
23:29.5,13.9,82.5
23:34.5,5.6,82.4
23:39.5,7.4,82.6
23:44.5,16.5,82.8
23:49.5,16.9,83
23:54.5,9.6,83
23:59.5,11.4,83
24:04.5,9.4,82.9
24:09.5,9.8,83.3
24:14.5,4.1,83.6
24:19.5,3.2,82.7
24:24.5,7.8,82.5
24:29.5,9.5,81.9
24:34.5,3.2,81.9
24:39.5,6.5,81.8
24:44.6,8.6,81.9
24:49.5,11.2,81.8
24:54.5,11.3,81.8
24:59.5,10.9,81.9
25:04.5,8.6,81.8
25:09.5,6.9,81.8
25:14.5,7,81.9
25:19.5,7.5,81.8
25:24.5,5.9,81.8
25:29.5,8.9,81.8
25:34.5,6.3,81.7
25:39.5,6.1,81.7
25:44.5,3.7,81.7
25:49.5,4.4,81.7
25:54.5,3.7,81.7
25:59.5,4.3,81.6
26:04.5,8.1,81.9
26:09.5,10.9,82
44:49.6,5.4,79.8
44:54.6,19.9,79.6
44:59.6,10.4,79.5
45:04.6,13,79.7
45:09.6,13.4,79.8
45:14.6,16.9,80.5
45:19.6,5.7,81.1
45:24.6,5.3,80.9
45:29.6,3.7,80.9
45:34.6,5,80.8
45:39.6,6.1,80.7
45:44.6,8.5,80.8
45:49.6,5.6,80.1
45:54.6,6.6,80
45:59.6,8,79.8
46:04.6,5.7,80.3
46:09.6,7.2,80.4
46:14.6,23.9,80.3
46:19.6,17.9,81.1
46:24.6,19.9,81.9
46:29.6,9.9,82.3
46:34.6,13.7,82.2
46:39.6,8.1,82.2
46:44.6,7.6,81.8
46:49.6,9.2,81.6
46:54.6,13.9,81.5
46:59.6,8.7,81.4
47:04.6,6.5,80.8
47:09.6,10.4,80.7
47:14.6,9.8,81.2
47:19.6,8,81.2
47:24.6,7.6,81
47:29.6,8.4,81.1
47:34.6,8.3,81
47:39.6,7,81.1
47:44.6,7.7,80.8
47:49.6,5.9,80.8
47:54.6,7.5,81.1
47:59.6,9.1,81.1
48:04.6,12,81.2
48:09.6,13.9,81.2
48:14.3,9.8,80.9
48:14.6,12.9,81
48:19.0,10.3,80.9
48:19.6,14,80.9
48:22.9,14.4,80.9
48:24.6,10.8,80.7
48:28.6,7,80.6
48:29.6,18.2,80.6
48:34.6,5.1,80.4
48:39.6,2.7,80.2
48:44.6,3.2,80.2
48:49.6,5.1,80.2
48:54.6,6.2,80.2
48:59.6,6.5,80.2
49:04.6,5.1,80.2
49:09.6,5.3,80.2
49:14.6,5.6,80.2
49:19.6,5,80.2
49:24.6,4.6,80.2
49:29.6,12,80.3
49:34.6,9.9,80.4
49:39.6,10.8,80.3
49:44.6,11,80.9
49:49.6,5.7,82
49:54.6,5.6,82
49:59.6,5.4,81.7
50:04.5,11.6,81.6
50:09.6,4.9,81.6
50:14.6,6.9,81.6
50:19.6,6.4,81.6
50:24.5,7.9,81
50:29.5,7.1,80.3
50:34.6,5.9,80.3
50:39.5,3,80.4
50:44.5,13.6,80.3
50:49.5,4.7,80.5
50:54.5,7.5,79.9
50:59.6,9.9,80
51:04.5,10.7,80.1
51:09.5,8.4,80
51:14.5,12.3,80.1
51:16.0,8.2,80.2
51:19.5,4.6,80.2
51:24.5,6.9,80
51:25.6,17.8,80
51:29.5,5.4,80
51:34.6,7.6,80
51:39.5,11.3,80.3
51:44.5,4.2,80.5
51:49.5,2.8,80.5
51:54.5,4.5,80.5
51:59.5,6,80.4
52:04.5,5,80.4
52:09.5,6.5,80.3
52:14.5,7.7,80.4
52:19.5,6.6,80.2
52:24.5,12.4,80.2
52:29.5,9.6,80.3
52:34.5,8.8,80.3
52:39.5,6.2,80.3
52:44.5,4.2,80
52:49.5,5.2,80
52:54.5,5.5,80
52:59.5,5.1,80
53:04.5,5.8,80
53:09.5,5.2,80
53:14.5,6.7,80
53:19.5,5.2,79.9
53:24.5,3.5,80
53:29.5,5.1,79.7
53:34.5,5.8,79.6
53:39.5,5.4,79.6
53:44.5,4.9,79.6
53:49.5,6.8,79.6
53:54.5,10.5,79.6
53:59.5,8.5,79.7
54:04.5,10.4,79.8
54:09.5,5,79.7
54:14.5,9.1,79.5
54:19.5,5.7,79.4
54:24.5,5.8,79.6
54:29.5,6.7,79.5
54:34.5,6.5,79.6
54:39.5,8.6,79.2
54:44.5,14.9,79.2
54:49.5,14.5,80
54:54.5,8.9,77.9
54:59.5,3.7,77.9
55:04.5,1.5,77.9
55:09.5,3.8,78
32:49.9,72,80.1
36:54.6,62.4,80.6
36:59.5,71.2,82
37:04.5,31.9,83.3
37:09.5,9.3,82.7
37:14.5,9.2,81.9
37:19.5,11.3,81.9
37:24.5,10.6,81.8
37:29.5,15.6,81.7
37:34.5,10.8,81.4
37:39.5,7,80.6
37:44.5,5.3,80.5
37:49.5,6.2,80.4
37:54.5,5.3,80.1
37:59.5,3.2,80
38:04.5,2.9,80.1
38:09.5,16.9,80.5
38:14.5,6.7,81.5
38:19.5,9.9,81.5
38:24.5,3.3,81.3
38:29.5,3.2,81.4
38:34.5,8.6,81.3
38:39.5,12.5,81.9
38:44.6,23.8,82.5
38:49.5,15,81.7
38:54.5,28.4,81.1
38:59.5,16.7,81.3
39:04.5,12.4,81.3
39:09.5,10.7,81.2
39:14.5,21.1,81.4
39:19.5,4.6,80.5
39:24.5,29.6,79.9
39:29.5,4.6,79.8
39:34.5,4.3,79.8
39:39.5,6.4,79.8
39:44.5,5.6,79.9
39:49.5,5.6,79.8
39:54.5,6.5,79.8
39:59.5,6.2,79.7
40:04.5,4.9,79.7
40:09.5,6.1,79.7
40:14.5,11,79.6
40:19.5,13.8,79.9
40:24.5,14.5,80.2
29:47.8,0.7,13.7
32:09.6,0.1,14.2
32:14.6,0.4,13.9
32:19.6,0.1,13.9
32:24.6,0.1,13.9
32:29.6,0.1,13.9
32:34.6,1.6,13.9
32:39.6,5.1,14.6
32:44.6,4.6,14.8
32:49.6,2.9,15.2
32:54.6,2.7,15.2
32:59.6,4,15.3
33:03.0,4.1,15.3
33:04.6,5.3,15.3
33:09.6,7.1,15.5
33:14.6,6.7,15.4
33:19.6,7.1,14.2
33:24.6,6.6,14.2
33:29.6,6.6,14.2
33:34.6,11.4,14.3
33:44.6,5.7,15.2
33:49.6,0.4,15.8
33:54.6,0.1,15.8
33:59.6,0.2,15.8
34:04.6,0.1,15.9
34:09.6,0.1,15.9
34:14.6,0.4,15.9
34:19.6,0.2,15.9
34:24.1,0.2,16
34:24.6,0.7,15.9
34:29.6,1.6,16
34:34.6,0.1,15.9
34:39.6,0.1,16
34:44.6,0.4,15.9
34:49.6,0.1,16
34:54.6,0.1,16
34:59.6,0.2,16
35:04.6,0.1,16
35:09.6,1.1,16
35:14.6,0.4,16
35:19.6,0.4,16
35:24.6,0.6,16.2
35:29.6,0.4,16.2
35:30.3,0.8,16.2
35:34.6,0.8,16.2
35:39.6,0.3,16.2
35:44.6,0.3,16.2
35:49.6,0.1,16.2
35:54.6,0.1,16.2
35:59.6,0.1,16.2
36:04.6,0.2,16.1
36:09.6,0.1,16.1
36:14.6,0.7,16.1
36:19.6,0,16.1
36:24.6,0.2,16.1
36:29.6,0.2,16.1
36:34.6,0.2,15.9
36:39.6,0.4,15.9
36:44.6,0.2,15.9
36:49.6,0.2,15.9
36:54.6,0.1,15.9
36:59.6,0.1,15.9
37:04.6,0.1,15.9
37:09.6,0.4,15.9
37:14.6,0.3,15.8
37:19.6,0.1,15.6
37:24.6,0.2,15.6
37:29.6,0.2,15.6
37:34.6,0.2,15.6
37:39.6,0.4,15.6
37:44.6,0.4,15.6
37:49.6,0.1,15.6
37:54.6,0.1,15.5
37:59.6,0.1,15.5
38:04.6,0.1,15.5
38:09.6,0.1,15.5
38:14.6,0.5,15.5
38:19.6,0.1,15.5
38:24.6,0.1,15.5
38:29.6,0.1,15.5
38:34.6,0.3,15.4
38:39.6,0.2,15.4
38:44.6,0.3,15.4
38:49.6,0.1,15.4
38:54.5,0.1,15.4
38:59.6,0.1,15.4
39:04.6,0.1,15.4
39:09.6,0.4,15.4
39:14.6,0.3,15.4
39:19.6,0.1,15.4
39:24.5,0.1,15.4
39:29.5,0.1,15.4
39:34.5,0,15.4
39:39.6,0.2,15.4
39:44.5,0.2,15.4
39:49.5,0.1,15.5
39:54.5,0.1,15.5
39:59.5,0.1,15.5
40:04.5,0.1,15.5
40:09.5,0.1,15.5
40:14.6,0.6,15.4
40:19.5,0.1,15.4
40:24.5,0.1,15.4
40:29.5,0.1,15.4
40:34.5,0.6,15.4
40:39.5,0.1,15.4
40:44.5,0.1,15.4
40:49.5,0.1,15.4
40:54.5,0.1,15.4
40:59.5,0,15.4
41:04.5,0.1,15.4
41:09.5,0.4,15.3
41:14.5,0.1,15.3
41:19.5,0.1,15.3
41:24.5,0,15.3
41:29.5,0.1,15.3
41:34.5,0.1,15.3
41:39.5,0.2,15.3
41:44.5,0.2,15.3
41:49.5,0.1,15.3
41:54.5,0.1,15.3
41:59.5,0.1,15.3
42:04.5,0.1,15.3
42:09.5,0.2,15.3
42:14.5,0.1,15.3
42:19.5,0.1,15.3
42:24.5,0,15.3
42:29.5,0.1,15.3
42:34.5,0.7,15.3
42:39.5,0.1,15.3
42:44.5,0.2,15.3
42:49.5,0.1,15.3
42:54.5,0.1,15.2
42:59.5,0.1,15.2
43:04.5,0.1,15.3
43:09.5,0.4,15.3
43:14.5,0.4,15.3
43:19.5,0.2,15.3
25:09.6,21.7,77.8
25:19.7,6.3,77.1
27:01.7,8.2,77
43:07.8,9.8,80.7
43:19.8,10.9,80.5
43:47.7,7.5,79.1
52:29.3,24.6,79.8
52:35.0,41.4,80.3
